solid maze_walls
  facet normal 0.0 0.0 1.0
    outer loop
      vertex -0.5999999999999999 -0.8699999999999999 0.2
      vertex -0.8999999999999999 -0.8699999999999999 0.2
      vertex -0.8999999999999999 -0.9299999999999999 0.2
    endloop
  endfacet
  facet normal 0.0 0.0 1.0
    outer loop
      vertex -0.5999999999999999 -0.8699999999999999 0.2
      vertex -0.8999999999999999 -0.9299999999999999 0.2
      vertex -0.5999999999999999 -0.9299999999999999 0.2
    endloop
  endfacet
  facet normal 0.0 -0.0 -1.0
    outer loop
      vertex -0.5999999999999999 -0.8699999999999999 -0.2
      vertex -0.5999999999999999 -0.9299999999999999 -0.2
      vertex -0.8999999999999999 -0.9299999999999999 -0.2
    endloop
  endfacet
  facet normal -0.0 0.0 -1.0
    outer loop
      vertex -0.5999999999999999 -0.8699999999999999 -0.2
      vertex -0.8999999999999999 -0.9299999999999999 -0.2
      vertex -0.8999999999999999 -0.8699999999999999 -0.2
    endloop
  endfacet
  facet normal 1.0 0.0 0.0
    outer loop
      vertex -0.5999999999999999 -0.8699999999999999 0.2
      vertex -0.5999999999999999 -0.9299999999999999 0.2
      vertex -0.5999999999999999 -0.9299999999999999 -0.2
    endloop
  endfacet
  facet normal 1.0 0.0 0.0
    outer loop
      vertex -0.5999999999999999 -0.8699999999999999 0.2
      vertex -0.5999999999999999 -0.9299999999999999 -0.2
      vertex -0.5999999999999999 -0.8699999999999999 -0.2
    endloop
  endfacet
  facet normal -1.0 0.0 -0.0
    outer loop
      vertex -0.8999999999999999 -0.8699999999999999 0.2
      vertex -0.8999999999999999 -0.8699999999999999 -0.2
      vertex -0.8999999999999999 -0.9299999999999999 -0.2
    endloop
  endfacet
  facet normal -1.0 -0.0 0.0
    outer loop
      vertex -0.8999999999999999 -0.8699999999999999 0.2
      vertex -0.8999999999999999 -0.9299999999999999 -0.2
      vertex -0.8999999999999999 -0.9299999999999999 0.2
    endloop
  endfacet
  facet normal 0.0 1.0 0.0
    outer loop
      vertex -0.5999999999999999 -0.8699999999999999 0.2
      vertex -0.5999999999999999 -0.8699999999999999 -0.2
      vertex -0.8999999999999999 -0.8699999999999999 -0.2
    endloop
  endfacet
  facet normal 0.0 1.0 0.0
    outer loop
      vertex -0.5999999999999999 -0.8699999999999999 0.2
      vertex -0.8999999999999999 -0.8699999999999999 -0.2
      vertex -0.8999999999999999 -0.8699999999999999 0.2
    endloop
  endfacet
  facet normal -0.0 -1.0 0.0
    outer loop
      vertex -0.5999999999999999 -0.9299999999999999 0.2
      vertex -0.8999999999999999 -0.9299999999999999 0.2
      vertex -0.8999999999999999 -0.9299999999999999 -0.2
    endloop
  endfacet
  facet normal 0.0 -1.0 -0.0
    outer loop
      vertex -0.5999999999999999 -0.9299999999999999 0.2
      vertex -0.8999999999999999 -0.9299999999999999 -0.2
      vertex -0.5999999999999999 -0.9299999999999999 -0.2
    endloop
  endfacet
  facet normal 0.0 0.0 1.0
    outer loop
      vertex -0.5999999999999999 -0.5699999999999998 0.2
      vertex -0.8999999999999999 -0.5699999999999998 0.2
      vertex -0.8999999999999999 -0.6299999999999999 0.2
    endloop
  endfacet
  facet normal 0.0 0.0 1.0
    outer loop
      vertex -0.5999999999999999 -0.5699999999999998 0.2
      vertex -0.8999999999999999 -0.6299999999999999 0.2
      vertex -0.5999999999999999 -0.6299999999999999 0.2
    endloop
  endfacet
  facet normal 0.0 -0.0 -1.0
    outer loop
      vertex -0.5999999999999999 -0.5699999999999998 -0.2
      vertex -0.5999999999999999 -0.6299999999999999 -0.2
      vertex -0.8999999999999999 -0.6299999999999999 -0.2
    endloop
  endfacet
  facet normal -0.0 0.0 -1.0
    outer loop
      vertex -0.5999999999999999 -0.5699999999999998 -0.2
      vertex -0.8999999999999999 -0.6299999999999999 -0.2
      vertex -0.8999999999999999 -0.5699999999999998 -0.2
    endloop
  endfacet
  facet normal 1.0 0.0 0.0
    outer loop
      vertex -0.5999999999999999 -0.5699999999999998 0.2
      vertex -0.5999999999999999 -0.6299999999999999 0.2
      vertex -0.5999999999999999 -0.6299999999999999 -0.2
    endloop
  endfacet
  facet normal 1.0 0.0 0.0
    outer loop
      vertex -0.5999999999999999 -0.5699999999999998 0.2
      vertex -0.5999999999999999 -0.6299999999999999 -0.2
      vertex -0.5999999999999999 -0.5699999999999998 -0.2
    endloop
  endfacet
  facet normal -1.0 0.0 -0.0
    outer loop
      vertex -0.8999999999999999 -0.5699999999999998 0.2
      vertex -0.8999999999999999 -0.5699999999999998 -0.2
      vertex -0.8999999999999999 -0.6299999999999999 -0.2
    endloop
  endfacet
  facet normal -1.0 -0.0 0.0
    outer loop
      vertex -0.8999999999999999 -0.5699999999999998 0.2
      vertex -0.8999999999999999 -0.6299999999999999 -0.2
      vertex -0.8999999999999999 -0.6299999999999999 0.2
    endloop
  endfacet
  facet normal 0.0 1.0 0.0
    outer loop
      vertex -0.5999999999999999 -0.5699999999999998 0.2
      vertex -0.5999999999999999 -0.5699999999999998 -0.2
      vertex -0.8999999999999999 -0.5699999999999998 -0.2
    endloop
  endfacet
  facet normal 0.0 1.0 0.0
    outer loop
      vertex -0.5999999999999999 -0.5699999999999998 0.2
      vertex -0.8999999999999999 -0.5699999999999998 -0.2
      vertex -0.8999999999999999 -0.5699999999999998 0.2
    endloop
  endfacet
  facet normal -0.0 -1.0 0.0
    outer loop
      vertex -0.5999999999999999 -0.6299999999999999 0.2
      vertex -0.8999999999999999 -0.6299999999999999 0.2
      vertex -0.8999999999999999 -0.6299999999999999 -0.2
    endloop
  endfacet
  facet normal 0.0 -1.0 -0.0
    outer loop
      vertex -0.5999999999999999 -0.6299999999999999 0.2
      vertex -0.8999999999999999 -0.6299999999999999 -0.2
      vertex -0.5999999999999999 -0.6299999999999999 -0.2
    endloop
  endfacet
  facet normal 0.0 0.0 1.0
    outer loop
      vertex -0.9299999999999999 -0.5999999999999999 0.2
      vertex -0.9299999999999999 -0.8999999999999999 0.2
      vertex -0.8699999999999999 -0.8999999999999999 0.2
    endloop
  endfacet
  facet normal -0.0 0.0 1.0
    outer loop
      vertex -0.9299999999999999 -0.5999999999999999 0.2
      vertex -0.8699999999999999 -0.8999999999999999 0.2
      vertex -0.8699999999999999 -0.5999999999999999 0.2
    endloop
  endfacet
  facet normal 0.0 0.0 -1.0
    outer loop
      vertex -0.9299999999999999 -0.5999999999999999 -0.2
      vertex -0.8699999999999999 -0.5999999999999999 -0.2
      vertex -0.8699999999999999 -0.8999999999999999 -0.2
    endloop
  endfacet
  facet normal 0.0 0.0 -1.0
    outer loop
      vertex -0.9299999999999999 -0.5999999999999999 -0.2
      vertex -0.8699999999999999 -0.8999999999999999 -0.2
      vertex -0.9299999999999999 -0.8999999999999999 -0.2
    endloop
  endfacet
  facet normal -0.0 1.0 0.0
    outer loop
      vertex -0.9299999999999999 -0.5999999999999999 0.2
      vertex -0.8699999999999999 -0.5999999999999999 0.2
      vertex -0.8699999999999999 -0.5999999999999999 -0.2
    endloop
  endfacet
  facet normal 0.0 1.0 0.0
    outer loop
      vertex -0.9299999999999999 -0.5999999999999999 0.2
      vertex -0.8699999999999999 -0.5999999999999999 -0.2
      vertex -0.9299999999999999 -0.5999999999999999 -0.2
    endloop
  endfacet
  facet normal 0.0 -1.0 0.0
    outer loop
      vertex -0.9299999999999999 -0.8999999999999999 0.2
      vertex -0.9299999999999999 -0.8999999999999999 -0.2
      vertex -0.8699999999999999 -0.8999999999999999 -0.2
    endloop
  endfacet
  facet normal 0.0 -1.0 0.0
    outer loop
      vertex -0.9299999999999999 -0.8999999999999999 0.2
      vertex -0.8699999999999999 -0.8999999999999999 -0.2
      vertex -0.8699999999999999 -0.8999999999999999 0.2
    endloop
  endfacet
  facet normal -1.0 0.0 -0.0
    outer loop
      vertex -0.9299999999999999 -0.5999999999999999 0.2
      vertex -0.9299999999999999 -0.5999999999999999 -0.2
      vertex -0.9299999999999999 -0.8999999999999999 -0.2
    endloop
  endfacet
  facet normal -1.0 -0.0 0.0
    outer loop
      vertex -0.9299999999999999 -0.5999999999999999 0.2
      vertex -0.9299999999999999 -0.8999999999999999 -0.2
      vertex -0.9299999999999999 -0.8999999999999999 0.2
    endloop
  endfacet
  facet normal 1.0 0.0 0.0
    outer loop
      vertex -0.8699999999999999 -0.5999999999999999 0.2
      vertex -0.8699999999999999 -0.8999999999999999 0.2
      vertex -0.8699999999999999 -0.8999999999999999 -0.2
    endloop
  endfacet
  facet normal 1.0 0.0 0.0
    outer loop
      vertex -0.8699999999999999 -0.5999999999999999 0.2
      vertex -0.8699999999999999 -0.8999999999999999 -0.2
      vertex -0.8699999999999999 -0.5999999999999999 -0.2
    endloop
  endfacet
  facet normal 0.0 0.0 1.0
    outer loop
      vertex -0.2999999999999998 -0.8699999999999999 0.2
      vertex -0.5999999999999999 -0.8699999999999999 0.2
      vertex -0.5999999999999999 -0.9299999999999999 0.2
    endloop
  endfacet
  facet normal 0.0 0.0 1.0
    outer loop
      vertex -0.2999999999999998 -0.8699999999999999 0.2
      vertex -0.5999999999999999 -0.9299999999999999 0.2
      vertex -0.2999999999999998 -0.9299999999999999 0.2
    endloop
  endfacet
  facet normal 0.0 -0.0 -1.0
    outer loop
      vertex -0.2999999999999998 -0.8699999999999999 -0.2
      vertex -0.2999999999999998 -0.9299999999999999 -0.2
      vertex -0.5999999999999999 -0.9299999999999999 -0.2
    endloop
  endfacet
  facet normal -0.0 0.0 -1.0
    outer loop
      vertex -0.2999999999999998 -0.8699999999999999 -0.2
      vertex -0.5999999999999999 -0.9299999999999999 -0.2
      vertex -0.5999999999999999 -0.8699999999999999 -0.2
    endloop
  endfacet
  facet normal 1.0 0.0 0.0
    outer loop
      vertex -0.2999999999999998 -0.8699999999999999 0.2
      vertex -0.2999999999999998 -0.9299999999999999 0.2
      vertex -0.2999999999999998 -0.9299999999999999 -0.2
    endloop
  endfacet
  facet normal 1.0 0.0 0.0
    outer loop
      vertex -0.2999999999999998 -0.8699999999999999 0.2
      vertex -0.2999999999999998 -0.9299999999999999 -0.2
      vertex -0.2999999999999998 -0.8699999999999999 -0.2
    endloop
  endfacet
  facet normal -1.0 0.0 -0.0
    outer loop
      vertex -0.5999999999999999 -0.8699999999999999 0.2
      vertex -0.5999999999999999 -0.8699999999999999 -0.2
      vertex -0.5999999999999999 -0.9299999999999999 -0.2
    endloop
  endfacet
  facet normal -1.0 -0.0 0.0
    outer loop
      vertex -0.5999999999999999 -0.8699999999999999 0.2
      vertex -0.5999999999999999 -0.9299999999999999 -0.2
      vertex -0.5999999999999999 -0.9299999999999999 0.2
    endloop
  endfacet
  facet normal 0.0 1.0 0.0
    outer loop
      vertex -0.2999999999999998 -0.8699999999999999 0.2
      vertex -0.2999999999999998 -0.8699999999999999 -0.2
      vertex -0.5999999999999999 -0.8699999999999999 -0.2
    endloop
  endfacet
  facet normal 0.0 1.0 0.0
    outer loop
      vertex -0.2999999999999998 -0.8699999999999999 0.2
      vertex -0.5999999999999999 -0.8699999999999999 -0.2
      vertex -0.5999999999999999 -0.8699999999999999 0.2
    endloop
  endfacet
  facet normal -0.0 -1.0 0.0
    outer loop
      vertex -0.2999999999999998 -0.9299999999999999 0.2
      vertex -0.5999999999999999 -0.9299999999999999 0.2
      vertex -0.5999999999999999 -0.9299999999999999 -0.2
    endloop
  endfacet
  facet normal 0.0 -1.0 -0.0
    outer loop
      vertex -0.2999999999999998 -0.9299999999999999 0.2
      vertex -0.5999999999999999 -0.9299999999999999 -0.2
      vertex -0.2999999999999998 -0.9299999999999999 -0.2
    endloop
  endfacet
  facet normal 0.0 0.0 1.0
    outer loop
      vertex -0.3299999999999998 -0.5999999999999999 0.2
      vertex -0.32999999999999985 -0.8999999999999999 0.2
      vertex -0.26999999999999985 -0.8999999999999999 0.2
    endloop
  endfacet
  facet normal -0.0 0.0 1.0
    outer loop
      vertex -0.3299999999999998 -0.5999999999999999 0.2
      vertex -0.26999999999999985 -0.8999999999999999 0.2
      vertex -0.2699999999999998 -0.5999999999999999 0.2
    endloop
  endfacet
  facet normal 0.0 0.0 -1.0
    outer loop
      vertex -0.3299999999999998 -0.5999999999999999 -0.2
      vertex -0.2699999999999998 -0.5999999999999999 -0.2
      vertex -0.26999999999999985 -0.8999999999999999 -0.2
    endloop
  endfacet
  facet normal 0.0 -0.0 -1.0
    outer loop
      vertex -0.3299999999999998 -0.5999999999999999 -0.2
      vertex -0.26999999999999985 -0.8999999999999999 -0.2
      vertex -0.32999999999999985 -0.8999999999999999 -0.2
    endloop
  endfacet
  facet normal -0.0 1.0 0.0
    outer loop
      vertex -0.3299999999999998 -0.5999999999999999 0.2
      vertex -0.2699999999999998 -0.5999999999999999 0.2
      vertex -0.2699999999999998 -0.5999999999999999 -0.2
    endloop
  endfacet
  facet normal 0.0 1.0 0.0
    outer loop
      vertex -0.3299999999999998 -0.5999999999999999 0.2
      vertex -0.2699999999999998 -0.5999999999999999 -0.2
      vertex -0.3299999999999998 -0.5999999999999999 -0.2
    endloop
  endfacet
  facet normal 0.0 -1.0 0.0
    outer loop
      vertex -0.32999999999999985 -0.8999999999999999 0.2
      vertex -0.32999999999999985 -0.8999999999999999 -0.2
      vertex -0.26999999999999985 -0.8999999999999999 -0.2
    endloop
  endfacet
  facet normal 0.0 -1.0 0.0
    outer loop
      vertex -0.32999999999999985 -0.8999999999999999 0.2
      vertex -0.26999999999999985 -0.8999999999999999 -0.2
      vertex -0.26999999999999985 -0.8999999999999999 0.2
    endloop
  endfacet
  facet normal -1.0 1.850371707708594e-16 0.0
    outer loop
      vertex -0.3299999999999998 -0.5999999999999999 0.2
      vertex -0.3299999999999998 -0.5999999999999999 -0.2
      vertex -0.32999999999999985 -0.8999999999999999 -0.2
    endloop
  endfacet
  facet normal -1.0 1.850371707708594e-16 0.0
    outer loop
      vertex -0.3299999999999998 -0.5999999999999999 0.2
      vertex -0.32999999999999985 -0.8999999999999999 -0.2
      vertex -0.32999999999999985 -0.8999999999999999 0.2
    endloop
  endfacet
  facet normal 1.0 -1.850371707708594e-16 0.0
    outer loop
      vertex -0.2699999999999998 -0.5999999999999999 0.2
      vertex -0.26999999999999985 -0.8999999999999999 0.2
      vertex -0.26999999999999985 -0.8999999999999999 -0.2
    endloop
  endfacet
  facet normal 1.0 -1.850371707708594e-16 0.0
    outer loop
      vertex -0.2699999999999998 -0.5999999999999999 0.2
      vertex -0.26999999999999985 -0.8999999999999999 -0.2
      vertex -0.2699999999999998 -0.5999999999999999 -0.2
    endloop
  endfacet
  facet normal 0.0 0.0 1.0
    outer loop
      vertex 5.551115123125783e-17 -0.8699999999999999 0.2
      vertex -0.29999999999999993 -0.8699999999999999 0.2
      vertex -0.29999999999999993 -0.9299999999999999 0.2
    endloop
  endfacet
  facet normal 0.0 0.0 1.0
    outer loop
      vertex 5.551115123125783e-17 -0.8699999999999999 0.2
      vertex -0.29999999999999993 -0.9299999999999999 0.2
      vertex 5.551115123125783e-17 -0.9299999999999999 0.2
    endloop
  endfacet
  facet normal 0.0 -0.0 -1.0
    outer loop
      vertex 5.551115123125783e-17 -0.8699999999999999 -0.2
      vertex 5.551115123125783e-17 -0.9299999999999999 -0.2
      vertex -0.29999999999999993 -0.9299999999999999 -0.2
    endloop
  endfacet
  facet normal -0.0 0.0 -1.0
    outer loop
      vertex 5.551115123125783e-17 -0.8699999999999999 -0.2
      vertex -0.29999999999999993 -0.9299999999999999 -0.2
      vertex -0.29999999999999993 -0.8699999999999999 -0.2
    endloop
  endfacet
  facet normal 1.0 0.0 0.0
    outer loop
      vertex 5.551115123125783e-17 -0.8699999999999999 0.2
      vertex 5.551115123125783e-17 -0.9299999999999999 0.2
      vertex 5.551115123125783e-17 -0.9299999999999999 -0.2
    endloop
  endfacet
  facet normal 1.0 0.0 0.0
    outer loop
      vertex 5.551115123125783e-17 -0.8699999999999999 0.2
      vertex 5.551115123125783e-17 -0.9299999999999999 -0.2
      vertex 5.551115123125783e-17 -0.8699999999999999 -0.2
    endloop
  endfacet
  facet normal -1.0 0.0 -0.0
    outer loop
      vertex -0.29999999999999993 -0.8699999999999999 0.2
      vertex -0.29999999999999993 -0.8699999999999999 -0.2
      vertex -0.29999999999999993 -0.9299999999999999 -0.2
    endloop
  endfacet
  facet normal -1.0 -0.0 0.0
    outer loop
      vertex -0.29999999999999993 -0.8699999999999999 0.2
      vertex -0.29999999999999993 -0.9299999999999999 -0.2
      vertex -0.29999999999999993 -0.9299999999999999 0.2
    endloop
  endfacet
  facet normal 0.0 1.0 0.0
    outer loop
      vertex 5.551115123125783e-17 -0.8699999999999999 0.2
      vertex 5.551115123125783e-17 -0.8699999999999999 -0.2
      vertex -0.29999999999999993 -0.8699999999999999 -0.2
    endloop
  endfacet
  facet normal 0.0 1.0 0.0
    outer loop
      vertex 5.551115123125783e-17 -0.8699999999999999 0.2
      vertex -0.29999999999999993 -0.8699999999999999 -0.2
      vertex -0.29999999999999993 -0.8699999999999999 0.2
    endloop
  endfacet
  facet normal -0.0 -1.0 0.0
    outer loop
      vertex 5.551115123125783e-17 -0.9299999999999999 0.2
      vertex -0.29999999999999993 -0.9299999999999999 0.2
      vertex -0.29999999999999993 -0.9299999999999999 -0.2
    endloop
  endfacet
  facet normal 0.0 -1.0 -0.0
    outer loop
      vertex 5.551115123125783e-17 -0.9299999999999999 0.2
      vertex -0.29999999999999993 -0.9299999999999999 -0.2
      vertex 5.551115123125783e-17 -0.9299999999999999 -0.2
    endloop
  endfacet
  facet normal 0.0 0.0 1.0
    outer loop
      vertex 0.3 -0.8699999999999999 0.2
      vertex 0.0 -0.8699999999999999 0.2
      vertex 0.0 -0.9299999999999999 0.2
    endloop
  endfacet
  facet normal 0.0 0.0 1.0
    outer loop
      vertex 0.3 -0.8699999999999999 0.2
      vertex 0.0 -0.9299999999999999 0.2
      vertex 0.3 -0.9299999999999999 0.2
    endloop
  endfacet
  facet normal 0.0 -0.0 -1.0
    outer loop
      vertex 0.3 -0.8699999999999999 -0.2
      vertex 0.3 -0.9299999999999999 -0.2
      vertex 0.0 -0.9299999999999999 -0.2
    endloop
  endfacet
  facet normal -0.0 0.0 -1.0
    outer loop
      vertex 0.3 -0.8699999999999999 -0.2
      vertex 0.0 -0.9299999999999999 -0.2
      vertex 0.0 -0.8699999999999999 -0.2
    endloop
  endfacet
  facet normal 1.0 0.0 0.0
    outer loop
      vertex 0.3 -0.8699999999999999 0.2
      vertex 0.3 -0.9299999999999999 0.2
      vertex 0.3 -0.9299999999999999 -0.2
    endloop
  endfacet
  facet normal 1.0 0.0 0.0
    outer loop
      vertex 0.3 -0.8699999999999999 0.2
      vertex 0.3 -0.9299999999999999 -0.2
      vertex 0.3 -0.8699999999999999 -0.2
    endloop
  endfacet
  facet normal -1.0 0.0 -0.0
    outer loop
      vertex 0.0 -0.8699999999999999 0.2
      vertex 0.0 -0.8699999999999999 -0.2
      vertex 0.0 -0.9299999999999999 -0.2
    endloop
  endfacet
  facet normal -1.0 -0.0 0.0
    outer loop
      vertex 0.0 -0.8699999999999999 0.2
      vertex 0.0 -0.9299999999999999 -0.2
      vertex 0.0 -0.9299999999999999 0.2
    endloop
  endfacet
  facet normal 0.0 1.0 0.0
    outer loop
      vertex 0.3 -0.8699999999999999 0.2
      vertex 0.3 -0.8699999999999999 -0.2
      vertex 0.0 -0.8699999999999999 -0.2
    endloop
  endfacet
  facet normal 0.0 1.0 0.0
    outer loop
      vertex 0.3 -0.8699999999999999 0.2
      vertex 0.0 -0.8699999999999999 -0.2
      vertex 0.0 -0.8699999999999999 0.2
    endloop
  endfacet
  facet normal -0.0 -1.0 0.0
    outer loop
      vertex 0.3 -0.9299999999999999 0.2
      vertex 0.0 -0.9299999999999999 0.2
      vertex 0.0 -0.9299999999999999 -0.2
    endloop
  endfacet
  facet normal 0.0 -1.0 -0.0
    outer loop
      vertex 0.3 -0.9299999999999999 0.2
      vertex 0.0 -0.9299999999999999 -0.2
      vertex 0.3 -0.9299999999999999 -0.2
    endloop
  endfacet
  facet normal 0.0 0.0 1.0
    outer loop
      vertex 0.6000000000000001 -0.8699999999999999 0.2
      vertex 0.30000000000000004 -0.8699999999999999 0.2
      vertex 0.30000000000000004 -0.9299999999999999 0.2
    endloop
  endfacet
  facet normal 0.0 0.0 1.0
    outer loop
      vertex 0.6000000000000001 -0.8699999999999999 0.2
      vertex 0.30000000000000004 -0.9299999999999999 0.2
      vertex 0.6000000000000001 -0.9299999999999999 0.2
    endloop
  endfacet
  facet normal 0.0 -0.0 -1.0
    outer loop
      vertex 0.6000000000000001 -0.8699999999999999 -0.2
      vertex 0.6000000000000001 -0.9299999999999999 -0.2
      vertex 0.30000000000000004 -0.9299999999999999 -0.2
    endloop
  endfacet
  facet normal -0.0 0.0 -1.0
    outer loop
      vertex 0.6000000000000001 -0.8699999999999999 -0.2
      vertex 0.30000000000000004 -0.9299999999999999 -0.2
      vertex 0.30000000000000004 -0.8699999999999999 -0.2
    endloop
  endfacet
  facet normal 1.0 0.0 0.0
    outer loop
      vertex 0.6000000000000001 -0.8699999999999999 0.2
      vertex 0.6000000000000001 -0.9299999999999999 0.2
      vertex 0.6000000000000001 -0.9299999999999999 -0.2
    endloop
  endfacet
  facet normal 1.0 0.0 0.0
    outer loop
      vertex 0.6000000000000001 -0.8699999999999999 0.2
      vertex 0.6000000000000001 -0.9299999999999999 -0.2
      vertex 0.6000000000000001 -0.8699999999999999 -0.2
    endloop
  endfacet
  facet normal -1.0 0.0 -0.0
    outer loop
      vertex 0.30000000000000004 -0.8699999999999999 0.2
      vertex 0.30000000000000004 -0.8699999999999999 -0.2
      vertex 0.30000000000000004 -0.9299999999999999 -0.2
    endloop
  endfacet
  facet normal -1.0 -0.0 0.0
    outer loop
      vertex 0.30000000000000004 -0.8699999999999999 0.2
      vertex 0.30000000000000004 -0.9299999999999999 -0.2
      vertex 0.30000000000000004 -0.9299999999999999 0.2
    endloop
  endfacet
  facet normal 0.0 1.0 0.0
    outer loop
      vertex 0.6000000000000001 -0.8699999999999999 0.2
      vertex 0.6000000000000001 -0.8699999999999999 -0.2
      vertex 0.30000000000000004 -0.8699999999999999 -0.2
    endloop
  endfacet
  facet normal 0.0 1.0 0.0
    outer loop
      vertex 0.6000000000000001 -0.8699999999999999 0.2
      vertex 0.30000000000000004 -0.8699999999999999 -0.2
      vertex 0.30000000000000004 -0.8699999999999999 0.2
    endloop
  endfacet
  facet normal -0.0 -1.0 0.0
    outer loop
      vertex 0.6000000000000001 -0.9299999999999999 0.2
      vertex 0.30000000000000004 -0.9299999999999999 0.2
      vertex 0.30000000000000004 -0.9299999999999999 -0.2
    endloop
  endfacet
  facet normal 0.0 -1.0 -0.0
    outer loop
      vertex 0.6000000000000001 -0.9299999999999999 0.2
      vertex 0.30000000000000004 -0.9299999999999999 -0.2
      vertex 0.6000000000000001 -0.9299999999999999 -0.2
    endloop
  endfacet
  facet normal 0.0 0.0 1.0
    outer loop
      vertex 0.6000000000000001 -0.5699999999999998 0.2
      vertex 0.30000000000000004 -0.5699999999999998 0.2
      vertex 0.30000000000000004 -0.6299999999999999 0.2
    endloop
  endfacet
  facet normal 0.0 0.0 1.0
    outer loop
      vertex 0.6000000000000001 -0.5699999999999998 0.2
      vertex 0.30000000000000004 -0.6299999999999999 0.2
      vertex 0.6000000000000001 -0.6299999999999999 0.2
    endloop
  endfacet
  facet normal 0.0 -0.0 -1.0
    outer loop
      vertex 0.6000000000000001 -0.5699999999999998 -0.2
      vertex 0.6000000000000001 -0.6299999999999999 -0.2
      vertex 0.30000000000000004 -0.6299999999999999 -0.2
    endloop
  endfacet
  facet normal -0.0 0.0 -1.0
    outer loop
      vertex 0.6000000000000001 -0.5699999999999998 -0.2
      vertex 0.30000000000000004 -0.6299999999999999 -0.2
      vertex 0.30000000000000004 -0.5699999999999998 -0.2
    endloop
  endfacet
  facet normal 1.0 0.0 0.0
    outer loop
      vertex 0.6000000000000001 -0.5699999999999998 0.2
      vertex 0.6000000000000001 -0.6299999999999999 0.2
      vertex 0.6000000000000001 -0.6299999999999999 -0.2
    endloop
  endfacet
  facet normal 1.0 0.0 0.0
    outer loop
      vertex 0.6000000000000001 -0.5699999999999998 0.2
      vertex 0.6000000000000001 -0.6299999999999999 -0.2
      vertex 0.6000000000000001 -0.5699999999999998 -0.2
    endloop
  endfacet
  facet normal -1.0 0.0 -0.0
    outer loop
      vertex 0.30000000000000004 -0.5699999999999998 0.2
      vertex 0.30000000000000004 -0.5699999999999998 -0.2
      vertex 0.30000000000000004 -0.6299999999999999 -0.2
    endloop
  endfacet
  facet normal -1.0 -0.0 0.0
    outer loop
      vertex 0.30000000000000004 -0.5699999999999998 0.2
      vertex 0.30000000000000004 -0.6299999999999999 -0.2
      vertex 0.30000000000000004 -0.6299999999999999 0.2
    endloop
  endfacet
  facet normal 0.0 1.0 0.0
    outer loop
      vertex 0.6000000000000001 -0.5699999999999998 0.2
      vertex 0.6000000000000001 -0.5699999999999998 -0.2
      vertex 0.30000000000000004 -0.5699999999999998 -0.2
    endloop
  endfacet
  facet normal 0.0 1.0 0.0
    outer loop
      vertex 0.6000000000000001 -0.5699999999999998 0.2
      vertex 0.30000000000000004 -0.5699999999999998 -0.2
      vertex 0.30000000000000004 -0.5699999999999998 0.2
    endloop
  endfacet
  facet normal -0.0 -1.0 0.0
    outer loop
      vertex 0.6000000000000001 -0.6299999999999999 0.2
      vertex 0.30000000000000004 -0.6299999999999999 0.2
      vertex 0.30000000000000004 -0.6299999999999999 -0.2
    endloop
  endfacet
  facet normal 0.0 -1.0 -0.0
    outer loop
      vertex 0.6000000000000001 -0.6299999999999999 0.2
      vertex 0.30000000000000004 -0.6299999999999999 -0.2
      vertex 0.6000000000000001 -0.6299999999999999 -0.2
    endloop
  endfacet
  facet normal 0.0 0.0 1.0
    outer loop
      vertex 0.9000000000000001 -0.8699999999999999 0.2
      vertex 0.6000000000000001 -0.8699999999999999 0.2
      vertex 0.6000000000000001 -0.9299999999999999 0.2
    endloop
  endfacet
  facet normal 0.0 0.0 1.0
    outer loop
      vertex 0.9000000000000001 -0.8699999999999999 0.2
      vertex 0.6000000000000001 -0.9299999999999999 0.2
      vertex 0.9000000000000001 -0.9299999999999999 0.2
    endloop
  endfacet
  facet normal 0.0 -0.0 -1.0
    outer loop
      vertex 0.9000000000000001 -0.8699999999999999 -0.2
      vertex 0.9000000000000001 -0.9299999999999999 -0.2
      vertex 0.6000000000000001 -0.9299999999999999 -0.2
    endloop
  endfacet
  facet normal -0.0 0.0 -1.0
    outer loop
      vertex 0.9000000000000001 -0.8699999999999999 -0.2
      vertex 0.6000000000000001 -0.9299999999999999 -0.2
      vertex 0.6000000000000001 -0.8699999999999999 -0.2
    endloop
  endfacet
  facet normal 1.0 0.0 0.0
    outer loop
      vertex 0.9000000000000001 -0.8699999999999999 0.2
      vertex 0.9000000000000001 -0.9299999999999999 0.2
      vertex 0.9000000000000001 -0.9299999999999999 -0.2
    endloop
  endfacet
  facet normal 1.0 0.0 0.0
    outer loop
      vertex 0.9000000000000001 -0.8699999999999999 0.2
      vertex 0.9000000000000001 -0.9299999999999999 -0.2
      vertex 0.9000000000000001 -0.8699999999999999 -0.2
    endloop
  endfacet
  facet normal -1.0 0.0 -0.0
    outer loop
      vertex 0.6000000000000001 -0.8699999999999999 0.2
      vertex 0.6000000000000001 -0.8699999999999999 -0.2
      vertex 0.6000000000000001 -0.9299999999999999 -0.2
    endloop
  endfacet
  facet normal -1.0 -0.0 0.0
    outer loop
      vertex 0.6000000000000001 -0.8699999999999999 0.2
      vertex 0.6000000000000001 -0.9299999999999999 -0.2
      vertex 0.6000000000000001 -0.9299999999999999 0.2
    endloop
  endfacet
  facet normal 0.0 1.0 0.0
    outer loop
      vertex 0.9000000000000001 -0.8699999999999999 0.2
      vertex 0.9000000000000001 -0.8699999999999999 -0.2
      vertex 0.6000000000000001 -0.8699999999999999 -0.2
    endloop
  endfacet
  facet normal 0.0 1.0 0.0
    outer loop
      vertex 0.9000000000000001 -0.8699999999999999 0.2
      vertex 0.6000000000000001 -0.8699999999999999 -0.2
      vertex 0.6000000000000001 -0.8699999999999999 0.2
    endloop
  endfacet
  facet normal -0.0 -1.0 0.0
    outer loop
      vertex 0.9000000000000001 -0.9299999999999999 0.2
      vertex 0.6000000000000001 -0.9299999999999999 0.2
      vertex 0.6000000000000001 -0.9299999999999999 -0.2
    endloop
  endfacet
  facet normal 0.0 -1.0 -0.0
    outer loop
      vertex 0.9000000000000001 -0.9299999999999999 0.2
      vertex 0.6000000000000001 -0.9299999999999999 -0.2
      vertex 0.9000000000000001 -0.9299999999999999 -0.2
    endloop
  endfacet
  facet normal 0.0 0.0 1.0
    outer loop
      vertex 0.8700000000000001 -0.5999999999999999 0.2
      vertex 0.8700000000000001 -0.8999999999999999 0.2
      vertex 0.9300000000000002 -0.8999999999999999 0.2
    endloop
  endfacet
  facet normal -0.0 0.0 1.0
    outer loop
      vertex 0.8700000000000001 -0.5999999999999999 0.2
      vertex 0.9300000000000002 -0.8999999999999999 0.2
      vertex 0.9300000000000002 -0.5999999999999999 0.2
    endloop
  endfacet
  facet normal 0.0 0.0 -1.0
    outer loop
      vertex 0.8700000000000001 -0.5999999999999999 -0.2
      vertex 0.9300000000000002 -0.5999999999999999 -0.2
      vertex 0.9300000000000002 -0.8999999999999999 -0.2
    endloop
  endfacet
  facet normal 0.0 0.0 -1.0
    outer loop
      vertex 0.8700000000000001 -0.5999999999999999 -0.2
      vertex 0.9300000000000002 -0.8999999999999999 -0.2
      vertex 0.8700000000000001 -0.8999999999999999 -0.2
    endloop
  endfacet
  facet normal -0.0 1.0 0.0
    outer loop
      vertex 0.8700000000000001 -0.5999999999999999 0.2
      vertex 0.9300000000000002 -0.5999999999999999 0.2
      vertex 0.9300000000000002 -0.5999999999999999 -0.2
    endloop
  endfacet
  facet normal 0.0 1.0 0.0
    outer loop
      vertex 0.8700000000000001 -0.5999999999999999 0.2
      vertex 0.9300000000000002 -0.5999999999999999 -0.2
      vertex 0.8700000000000001 -0.5999999999999999 -0.2
    endloop
  endfacet
  facet normal 0.0 -1.0 0.0
    outer loop
      vertex 0.8700000000000001 -0.8999999999999999 0.2
      vertex 0.8700000000000001 -0.8999999999999999 -0.2
      vertex 0.9300000000000002 -0.8999999999999999 -0.2
    endloop
  endfacet
  facet normal 0.0 -1.0 0.0
    outer loop
      vertex 0.8700000000000001 -0.8999999999999999 0.2
      vertex 0.9300000000000002 -0.8999999999999999 -0.2
      vertex 0.9300000000000002 -0.8999999999999999 0.2
    endloop
  endfacet
  facet normal -1.0 0.0 -0.0
    outer loop
      vertex 0.8700000000000001 -0.5999999999999999 0.2
      vertex 0.8700000000000001 -0.5999999999999999 -0.2
      vertex 0.8700000000000001 -0.8999999999999999 -0.2
    endloop
  endfacet
  facet normal -1.0 -0.0 0.0
    outer loop
      vertex 0.8700000000000001 -0.5999999999999999 0.2
      vertex 0.8700000000000001 -0.8999999999999999 -0.2
      vertex 0.8700000000000001 -0.8999999999999999 0.2
    endloop
  endfacet
  facet normal 1.0 0.0 0.0
    outer loop
      vertex 0.9300000000000002 -0.5999999999999999 0.2
      vertex 0.9300000000000002 -0.8999999999999999 0.2
      vertex 0.9300000000000002 -0.8999999999999999 -0.2
    endloop
  endfacet
  facet normal 1.0 0.0 0.0
    outer loop
      vertex 0.9300000000000002 -0.5999999999999999 0.2
      vertex 0.9300000000000002 -0.8999999999999999 -0.2
      vertex 0.9300000000000002 -0.5999999999999999 -0.2
    endloop
  endfacet
  facet normal 0.0 0.0 1.0
    outer loop
      vertex -0.9299999999999999 -0.2999999999999998 0.2
      vertex -0.9299999999999999 -0.5999999999999999 0.2
      vertex -0.8699999999999999 -0.5999999999999999 0.2
    endloop
  endfacet
  facet normal -0.0 0.0 1.0
    outer loop
      vertex -0.9299999999999999 -0.2999999999999998 0.2
      vertex -0.8699999999999999 -0.5999999999999999 0.2
      vertex -0.8699999999999999 -0.2999999999999998 0.2
    endloop
  endfacet
  facet normal 0.0 0.0 -1.0
    outer loop
      vertex -0.9299999999999999 -0.2999999999999998 -0.2
      vertex -0.8699999999999999 -0.2999999999999998 -0.2
      vertex -0.8699999999999999 -0.5999999999999999 -0.2
    endloop
  endfacet
  facet normal 0.0 0.0 -1.0
    outer loop
      vertex -0.9299999999999999 -0.2999999999999998 -0.2
      vertex -0.8699999999999999 -0.5999999999999999 -0.2
      vertex -0.9299999999999999 -0.5999999999999999 -0.2
    endloop
  endfacet
  facet normal -0.0 1.0 0.0
    outer loop
      vertex -0.9299999999999999 -0.2999999999999998 0.2
      vertex -0.8699999999999999 -0.2999999999999998 0.2
      vertex -0.8699999999999999 -0.2999999999999998 -0.2
    endloop
  endfacet
  facet normal 0.0 1.0 0.0
    outer loop
      vertex -0.9299999999999999 -0.2999999999999998 0.2
      vertex -0.8699999999999999 -0.2999999999999998 -0.2
      vertex -0.9299999999999999 -0.2999999999999998 -0.2
    endloop
  endfacet
  facet normal 0.0 -1.0 0.0
    outer loop
      vertex -0.9299999999999999 -0.5999999999999999 0.2
      vertex -0.9299999999999999 -0.5999999999999999 -0.2
      vertex -0.8699999999999999 -0.5999999999999999 -0.2
    endloop
  endfacet
  facet normal 0.0 -1.0 0.0
    outer loop
      vertex -0.9299999999999999 -0.5999999999999999 0.2
      vertex -0.8699999999999999 -0.5999999999999999 -0.2
      vertex -0.8699999999999999 -0.5999999999999999 0.2
    endloop
  endfacet
  facet normal -1.0 0.0 -0.0
    outer loop
      vertex -0.9299999999999999 -0.2999999999999998 0.2
      vertex -0.9299999999999999 -0.2999999999999998 -0.2
      vertex -0.9299999999999999 -0.5999999999999999 -0.2
    endloop
  endfacet
  facet normal -1.0 -0.0 0.0
    outer loop
      vertex -0.9299999999999999 -0.2999999999999998 0.2
      vertex -0.9299999999999999 -0.5999999999999999 -0.2
      vertex -0.9299999999999999 -0.5999999999999999 0.2
    endloop
  endfacet
  facet normal 1.0 0.0 0.0
    outer loop
      vertex -0.8699999999999999 -0.2999999999999998 0.2
      vertex -0.8699999999999999 -0.5999999999999999 0.2
      vertex -0.8699999999999999 -0.5999999999999999 -0.2
    endloop
  endfacet
  facet normal 1.0 0.0 0.0
    outer loop
      vertex -0.8699999999999999 -0.2999999999999998 0.2
      vertex -0.8699999999999999 -0.5999999999999999 -0.2
      vertex -0.8699999999999999 -0.2999999999999998 -0.2
    endloop
  endfacet
  facet normal 0.0 0.0 1.0
    outer loop
      vertex -0.6299999999999999 -0.2999999999999998 0.2
      vertex -0.6299999999999999 -0.5999999999999999 0.2
      vertex -0.5699999999999998 -0.5999999999999999 0.2
    endloop
  endfacet
  facet normal -0.0 0.0 1.0
    outer loop
      vertex -0.6299999999999999 -0.2999999999999998 0.2
      vertex -0.5699999999999998 -0.5999999999999999 0.2
      vertex -0.5699999999999998 -0.2999999999999998 0.2
    endloop
  endfacet
  facet normal 0.0 0.0 -1.0
    outer loop
      vertex -0.6299999999999999 -0.2999999999999998 -0.2
      vertex -0.5699999999999998 -0.2999999999999998 -0.2
      vertex -0.5699999999999998 -0.5999999999999999 -0.2
    endloop
  endfacet
  facet normal 0.0 0.0 -1.0
    outer loop
      vertex -0.6299999999999999 -0.2999999999999998 -0.2
      vertex -0.5699999999999998 -0.5999999999999999 -0.2
      vertex -0.6299999999999999 -0.5999999999999999 -0.2
    endloop
  endfacet
  facet normal -0.0 1.0 0.0
    outer loop
      vertex -0.6299999999999999 -0.2999999999999998 0.2
      vertex -0.5699999999999998 -0.2999999999999998 0.2
      vertex -0.5699999999999998 -0.2999999999999998 -0.2
    endloop
  endfacet
  facet normal 0.0 1.0 0.0
    outer loop
      vertex -0.6299999999999999 -0.2999999999999998 0.2
      vertex -0.5699999999999998 -0.2999999999999998 -0.2
      vertex -0.6299999999999999 -0.2999999999999998 -0.2
    endloop
  endfacet
  facet normal 0.0 -1.0 0.0
    outer loop
      vertex -0.6299999999999999 -0.5999999999999999 0.2
      vertex -0.6299999999999999 -0.5999999999999999 -0.2
      vertex -0.5699999999999998 -0.5999999999999999 -0.2
    endloop
  endfacet
  facet normal 0.0 -1.0 0.0
    outer loop
      vertex -0.6299999999999999 -0.5999999999999999 0.2
      vertex -0.5699999999999998 -0.5999999999999999 -0.2
      vertex -0.5699999999999998 -0.5999999999999999 0.2
    endloop
  endfacet
  facet normal -1.0 0.0 -0.0
    outer loop
      vertex -0.6299999999999999 -0.2999999999999998 0.2
      vertex -0.6299999999999999 -0.2999999999999998 -0.2
      vertex -0.6299999999999999 -0.5999999999999999 -0.2
    endloop
  endfacet
  facet normal -1.0 -0.0 0.0
    outer loop
      vertex -0.6299999999999999 -0.2999999999999998 0.2
      vertex -0.6299999999999999 -0.5999999999999999 -0.2
      vertex -0.6299999999999999 -0.5999999999999999 0.2
    endloop
  endfacet
  facet normal 1.0 0.0 0.0
    outer loop
      vertex -0.5699999999999998 -0.2999999999999998 0.2
      vertex -0.5699999999999998 -0.5999999999999999 0.2
      vertex -0.5699999999999998 -0.5999999999999999 -0.2
    endloop
  endfacet
  facet normal 1.0 0.0 0.0
    outer loop
      vertex -0.5699999999999998 -0.2999999999999998 0.2
      vertex -0.5699999999999998 -0.5999999999999999 -0.2
      vertex -0.5699999999999998 -0.2999999999999998 -0.2
    endloop
  endfacet
  facet normal 0.0 0.0 1.0
    outer loop
      vertex -0.3299999999999998 -0.2999999999999998 0.2
      vertex -0.32999999999999985 -0.5999999999999999 0.2
      vertex -0.26999999999999985 -0.5999999999999999 0.2
    endloop
  endfacet
  facet normal -0.0 0.0 1.0
    outer loop
      vertex -0.3299999999999998 -0.2999999999999998 0.2
      vertex -0.26999999999999985 -0.5999999999999999 0.2
      vertex -0.2699999999999998 -0.2999999999999998 0.2
    endloop
  endfacet
  facet normal 0.0 0.0 -1.0
    outer loop
      vertex -0.3299999999999998 -0.2999999999999998 -0.2
      vertex -0.2699999999999998 -0.2999999999999998 -0.2
      vertex -0.26999999999999985 -0.5999999999999999 -0.2
    endloop
  endfacet
  facet normal 0.0 -0.0 -1.0
    outer loop
      vertex -0.3299999999999998 -0.2999999999999998 -0.2
      vertex -0.26999999999999985 -0.5999999999999999 -0.2
      vertex -0.32999999999999985 -0.5999999999999999 -0.2
    endloop
  endfacet
  facet normal -0.0 1.0 0.0
    outer loop
      vertex -0.3299999999999998 -0.2999999999999998 0.2
      vertex -0.2699999999999998 -0.2999999999999998 0.2
      vertex -0.2699999999999998 -0.2999999999999998 -0.2
    endloop
  endfacet
  facet normal 0.0 1.0 0.0
    outer loop
      vertex -0.3299999999999998 -0.2999999999999998 0.2
      vertex -0.2699999999999998 -0.2999999999999998 -0.2
      vertex -0.3299999999999998 -0.2999999999999998 -0.2
    endloop
  endfacet
  facet normal 0.0 -1.0 0.0
    outer loop
      vertex -0.32999999999999985 -0.5999999999999999 0.2
      vertex -0.32999999999999985 -0.5999999999999999 -0.2
      vertex -0.26999999999999985 -0.5999999999999999 -0.2
    endloop
  endfacet
  facet normal 0.0 -1.0 0.0
    outer loop
      vertex -0.32999999999999985 -0.5999999999999999 0.2
      vertex -0.26999999999999985 -0.5999999999999999 -0.2
      vertex -0.26999999999999985 -0.5999999999999999 0.2
    endloop
  endfacet
  facet normal -1.0 1.850371707708594e-16 0.0
    outer loop
      vertex -0.3299999999999998 -0.2999999999999998 0.2
      vertex -0.3299999999999998 -0.2999999999999998 -0.2
      vertex -0.32999999999999985 -0.5999999999999999 -0.2
    endloop
  endfacet
  facet normal -1.0 1.850371707708594e-16 0.0
    outer loop
      vertex -0.3299999999999998 -0.2999999999999998 0.2
      vertex -0.32999999999999985 -0.5999999999999999 -0.2
      vertex -0.32999999999999985 -0.5999999999999999 0.2
    endloop
  endfacet
  facet normal 1.0 -1.850371707708594e-16 0.0
    outer loop
      vertex -0.2699999999999998 -0.2999999999999998 0.2
      vertex -0.26999999999999985 -0.5999999999999999 0.2
      vertex -0.26999999999999985 -0.5999999999999999 -0.2
    endloop
  endfacet
  facet normal 1.0 -1.850371707708594e-16 0.0
    outer loop
      vertex -0.2699999999999998 -0.2999999999999998 0.2
      vertex -0.26999999999999985 -0.5999999999999999 -0.2
      vertex -0.2699999999999998 -0.2999999999999998 -0.2
    endloop
  endfacet
  facet normal 0.0 0.0 1.0
    outer loop
      vertex -0.029999999999999933 -0.2999999999999998 0.2
      vertex -0.029999999999999954 -0.5999999999999999 0.2
      vertex 0.030000000000000044 -0.5999999999999999 0.2
    endloop
  endfacet
  facet normal -0.0 0.0 1.0
    outer loop
      vertex -0.029999999999999933 -0.2999999999999998 0.2
      vertex 0.030000000000000044 -0.5999999999999999 0.2
      vertex 0.030000000000000065 -0.2999999999999998 0.2
    endloop
  endfacet
  facet normal 0.0 0.0 -1.0
    outer loop
      vertex -0.029999999999999933 -0.2999999999999998 -0.2
      vertex 0.030000000000000065 -0.2999999999999998 -0.2
      vertex 0.030000000000000044 -0.5999999999999999 -0.2
    endloop
  endfacet
  facet normal 0.0 -0.0 -1.0
    outer loop
      vertex -0.029999999999999933 -0.2999999999999998 -0.2
      vertex 0.030000000000000044 -0.5999999999999999 -0.2
      vertex -0.029999999999999954 -0.5999999999999999 -0.2
    endloop
  endfacet
  facet normal -0.0 1.0 0.0
    outer loop
      vertex -0.029999999999999933 -0.2999999999999998 0.2
      vertex 0.030000000000000065 -0.2999999999999998 0.2
      vertex 0.030000000000000065 -0.2999999999999998 -0.2
    endloop
  endfacet
  facet normal 0.0 1.0 0.0
    outer loop
      vertex -0.029999999999999933 -0.2999999999999998 0.2
      vertex 0.030000000000000065 -0.2999999999999998 -0.2
      vertex -0.029999999999999933 -0.2999999999999998 -0.2
    endloop
  endfacet
  facet normal 0.0 -1.0 0.0
    outer loop
      vertex -0.029999999999999954 -0.5999999999999999 0.2
      vertex -0.029999999999999954 -0.5999999999999999 -0.2
      vertex 0.030000000000000044 -0.5999999999999999 -0.2
    endloop
  endfacet
  facet normal 0.0 -1.0 0.0
    outer loop
      vertex -0.029999999999999954 -0.5999999999999999 0.2
      vertex 0.030000000000000044 -0.5999999999999999 -0.2
      vertex 0.030000000000000044 -0.5999999999999999 0.2
    endloop
  endfacet
  facet normal -1.0 6.938893903907228e-17 0.0
    outer loop
      vertex -0.029999999999999933 -0.2999999999999998 0.2
      vertex -0.029999999999999933 -0.2999999999999998 -0.2
      vertex -0.029999999999999954 -0.5999999999999999 -0.2
    endloop
  endfacet
  facet normal -1.0 6.938893903907228e-17 0.0
    outer loop
      vertex -0.029999999999999933 -0.2999999999999998 0.2
      vertex -0.029999999999999954 -0.5999999999999999 -0.2
      vertex -0.029999999999999954 -0.5999999999999999 0.2
    endloop
  endfacet
  facet normal 1.0 -6.938893903907228e-17 0.0
    outer loop
      vertex 0.030000000000000065 -0.2999999999999998 0.2
      vertex 0.030000000000000044 -0.5999999999999999 0.2
      vertex 0.030000000000000044 -0.5999999999999999 -0.2
    endloop
  endfacet
  facet normal 1.0 -6.938893903907228e-17 0.0
    outer loop
      vertex 0.030000000000000065 -0.2999999999999998 0.2
      vertex 0.030000000000000044 -0.5999999999999999 -0.2
      vertex 0.030000000000000065 -0.2999999999999998 -0.2
    endloop
  endfacet
  facet normal 0.0 0.0 1.0
    outer loop
      vertex 0.3 -0.2699999999999998 0.2
      vertex 0.0 -0.2699999999999998 0.2
      vertex 0.0 -0.32999999999999985 0.2
    endloop
  endfacet
  facet normal 0.0 0.0 1.0
    outer loop
      vertex 0.3 -0.2699999999999998 0.2
      vertex 0.0 -0.32999999999999985 0.2
      vertex 0.3 -0.32999999999999985 0.2
    endloop
  endfacet
  facet normal 0.0 -0.0 -1.0
    outer loop
      vertex 0.3 -0.2699999999999998 -0.2
      vertex 0.3 -0.32999999999999985 -0.2
      vertex 0.0 -0.32999999999999985 -0.2
    endloop
  endfacet
  facet normal -0.0 0.0 -1.0
    outer loop
      vertex 0.3 -0.2699999999999998 -0.2
      vertex 0.0 -0.32999999999999985 -0.2
      vertex 0.0 -0.2699999999999998 -0.2
    endloop
  endfacet
  facet normal 1.0 0.0 0.0
    outer loop
      vertex 0.3 -0.2699999999999998 0.2
      vertex 0.3 -0.32999999999999985 0.2
      vertex 0.3 -0.32999999999999985 -0.2
    endloop
  endfacet
  facet normal 1.0 0.0 0.0
    outer loop
      vertex 0.3 -0.2699999999999998 0.2
      vertex 0.3 -0.32999999999999985 -0.2
      vertex 0.3 -0.2699999999999998 -0.2
    endloop
  endfacet
  facet normal -1.0 0.0 -0.0
    outer loop
      vertex 0.0 -0.2699999999999998 0.2
      vertex 0.0 -0.2699999999999998 -0.2
      vertex 0.0 -0.32999999999999985 -0.2
    endloop
  endfacet
  facet normal -1.0 -0.0 0.0
    outer loop
      vertex 0.0 -0.2699999999999998 0.2
      vertex 0.0 -0.32999999999999985 -0.2
      vertex 0.0 -0.32999999999999985 0.2
    endloop
  endfacet
  facet normal 0.0 1.0 0.0
    outer loop
      vertex 0.3 -0.2699999999999998 0.2
      vertex 0.3 -0.2699999999999998 -0.2
      vertex 0.0 -0.2699999999999998 -0.2
    endloop
  endfacet
  facet normal 0.0 1.0 0.0
    outer loop
      vertex 0.3 -0.2699999999999998 0.2
      vertex 0.0 -0.2699999999999998 -0.2
      vertex 0.0 -0.2699999999999998 0.2
    endloop
  endfacet
  facet normal -0.0 -1.0 0.0
    outer loop
      vertex 0.3 -0.32999999999999985 0.2
      vertex 0.0 -0.32999999999999985 0.2
      vertex 0.0 -0.32999999999999985 -0.2
    endloop
  endfacet
  facet normal 0.0 -1.0 -0.0
    outer loop
      vertex 0.3 -0.32999999999999985 0.2
      vertex 0.0 -0.32999999999999985 -0.2
      vertex 0.3 -0.32999999999999985 -0.2
    endloop
  endfacet
  facet normal 0.0 0.0 1.0
    outer loop
      vertex 0.5700000000000001 -0.2999999999999998 0.2
      vertex 0.5700000000000001 -0.5999999999999999 0.2
      vertex 0.6300000000000001 -0.5999999999999999 0.2
    endloop
  endfacet
  facet normal -0.0 0.0 1.0
    outer loop
      vertex 0.5700000000000001 -0.2999999999999998 0.2
      vertex 0.6300000000000001 -0.5999999999999999 0.2
      vertex 0.6300000000000001 -0.2999999999999998 0.2
    endloop
  endfacet
  facet normal 0.0 0.0 -1.0
    outer loop
      vertex 0.5700000000000001 -0.2999999999999998 -0.2
      vertex 0.6300000000000001 -0.2999999999999998 -0.2
      vertex 0.6300000000000001 -0.5999999999999999 -0.2
    endloop
  endfacet
  facet normal 0.0 0.0 -1.0
    outer loop
      vertex 0.5700000000000001 -0.2999999999999998 -0.2
      vertex 0.6300000000000001 -0.5999999999999999 -0.2
      vertex 0.5700000000000001 -0.5999999999999999 -0.2
    endloop
  endfacet
  facet normal -0.0 1.0 0.0
    outer loop
      vertex 0.5700000000000001 -0.2999999999999998 0.2
      vertex 0.6300000000000001 -0.2999999999999998 0.2
      vertex 0.6300000000000001 -0.2999999999999998 -0.2
    endloop
  endfacet
  facet normal 0.0 1.0 0.0
    outer loop
      vertex 0.5700000000000001 -0.2999999999999998 0.2
      vertex 0.6300000000000001 -0.2999999999999998 -0.2
      vertex 0.5700000000000001 -0.2999999999999998 -0.2
    endloop
  endfacet
  facet normal 0.0 -1.0 0.0
    outer loop
      vertex 0.5700000000000001 -0.5999999999999999 0.2
      vertex 0.5700000000000001 -0.5999999999999999 -0.2
      vertex 0.6300000000000001 -0.5999999999999999 -0.2
    endloop
  endfacet
  facet normal 0.0 -1.0 0.0
    outer loop
      vertex 0.5700000000000001 -0.5999999999999999 0.2
      vertex 0.6300000000000001 -0.5999999999999999 -0.2
      vertex 0.6300000000000001 -0.5999999999999999 0.2
    endloop
  endfacet
  facet normal -1.0 0.0 -0.0
    outer loop
      vertex 0.5700000000000001 -0.2999999999999998 0.2
      vertex 0.5700000000000001 -0.2999999999999998 -0.2
      vertex 0.5700000000000001 -0.5999999999999999 -0.2
    endloop
  endfacet
  facet normal -1.0 -0.0 0.0
    outer loop
      vertex 0.5700000000000001 -0.2999999999999998 0.2
      vertex 0.5700000000000001 -0.5999999999999999 -0.2
      vertex 0.5700000000000001 -0.5999999999999999 0.2
    endloop
  endfacet
  facet normal 1.0 0.0 0.0
    outer loop
      vertex 0.6300000000000001 -0.2999999999999998 0.2
      vertex 0.6300000000000001 -0.5999999999999999 0.2
      vertex 0.6300000000000001 -0.5999999999999999 -0.2
    endloop
  endfacet
  facet normal 1.0 0.0 0.0
    outer loop
      vertex 0.6300000000000001 -0.2999999999999998 0.2
      vertex 0.6300000000000001 -0.5999999999999999 -0.2
      vertex 0.6300000000000001 -0.2999999999999998 -0.2
    endloop
  endfacet
  facet normal 0.0 0.0 1.0
    outer loop
      vertex 0.8700000000000001 -0.2999999999999998 0.2
      vertex 0.8700000000000001 -0.5999999999999999 0.2
      vertex 0.9300000000000002 -0.5999999999999999 0.2
    endloop
  endfacet
  facet normal -0.0 0.0 1.0
    outer loop
      vertex 0.8700000000000001 -0.2999999999999998 0.2
      vertex 0.9300000000000002 -0.5999999999999999 0.2
      vertex 0.9300000000000002 -0.2999999999999998 0.2
    endloop
  endfacet
  facet normal 0.0 0.0 -1.0
    outer loop
      vertex 0.8700000000000001 -0.2999999999999998 -0.2
      vertex 0.9300000000000002 -0.2999999999999998 -0.2
      vertex 0.9300000000000002 -0.5999999999999999 -0.2
    endloop
  endfacet
  facet normal 0.0 0.0 -1.0
    outer loop
      vertex 0.8700000000000001 -0.2999999999999998 -0.2
      vertex 0.9300000000000002 -0.5999999999999999 -0.2
      vertex 0.8700000000000001 -0.5999999999999999 -0.2
    endloop
  endfacet
  facet normal -0.0 1.0 0.0
    outer loop
      vertex 0.8700000000000001 -0.2999999999999998 0.2
      vertex 0.9300000000000002 -0.2999999999999998 0.2
      vertex 0.9300000000000002 -0.2999999999999998 -0.2
    endloop
  endfacet
  facet normal 0.0 1.0 0.0
    outer loop
      vertex 0.8700000000000001 -0.2999999999999998 0.2
      vertex 0.9300000000000002 -0.2999999999999998 -0.2
      vertex 0.8700000000000001 -0.2999999999999998 -0.2
    endloop
  endfacet
  facet normal 0.0 -1.0 0.0
    outer loop
      vertex 0.8700000000000001 -0.5999999999999999 0.2
      vertex 0.8700000000000001 -0.5999999999999999 -0.2
      vertex 0.9300000000000002 -0.5999999999999999 -0.2
    endloop
  endfacet
  facet normal 0.0 -1.0 0.0
    outer loop
      vertex 0.8700000000000001 -0.5999999999999999 0.2
      vertex 0.9300000000000002 -0.5999999999999999 -0.2
      vertex 0.9300000000000002 -0.5999999999999999 0.2
    endloop
  endfacet
  facet normal -1.0 0.0 -0.0
    outer loop
      vertex 0.8700000000000001 -0.2999999999999998 0.2
      vertex 0.8700000000000001 -0.2999999999999998 -0.2
      vertex 0.8700000000000001 -0.5999999999999999 -0.2
    endloop
  endfacet
  facet normal -1.0 -0.0 0.0
    outer loop
      vertex 0.8700000000000001 -0.2999999999999998 0.2
      vertex 0.8700000000000001 -0.5999999999999999 -0.2
      vertex 0.8700000000000001 -0.5999999999999999 0.2
    endloop
  endfacet
  facet normal 1.0 0.0 0.0
    outer loop
      vertex 0.9300000000000002 -0.2999999999999998 0.2
      vertex 0.9300000000000002 -0.5999999999999999 0.2
      vertex 0.9300000000000002 -0.5999999999999999 -0.2
    endloop
  endfacet
  facet normal 1.0 0.0 0.0
    outer loop
      vertex 0.9300000000000002 -0.2999999999999998 0.2
      vertex 0.9300000000000002 -0.5999999999999999 -0.2
      vertex 0.9300000000000002 -0.2999999999999998 -0.2
    endloop
  endfacet
  facet normal 0.0 0.0 1.0
    outer loop
      vertex -0.9299999999999999 5.551115123125783e-17 0.2
      vertex -0.9299999999999999 -0.29999999999999993 0.2
      vertex -0.8699999999999999 -0.29999999999999993 0.2
    endloop
  endfacet
  facet normal -0.0 0.0 1.0
    outer loop
      vertex -0.9299999999999999 5.551115123125783e-17 0.2
      vertex -0.8699999999999999 -0.29999999999999993 0.2
      vertex -0.8699999999999999 5.551115123125783e-17 0.2
    endloop
  endfacet
  facet normal 0.0 0.0 -1.0
    outer loop
      vertex -0.9299999999999999 5.551115123125783e-17 -0.2
      vertex -0.8699999999999999 5.551115123125783e-17 -0.2
      vertex -0.8699999999999999 -0.29999999999999993 -0.2
    endloop
  endfacet
  facet normal 0.0 0.0 -1.0
    outer loop
      vertex -0.9299999999999999 5.551115123125783e-17 -0.2
      vertex -0.8699999999999999 -0.29999999999999993 -0.2
      vertex -0.9299999999999999 -0.29999999999999993 -0.2
    endloop
  endfacet
  facet normal -0.0 1.0 0.0
    outer loop
      vertex -0.9299999999999999 5.551115123125783e-17 0.2
      vertex -0.8699999999999999 5.551115123125783e-17 0.2
      vertex -0.8699999999999999 5.551115123125783e-17 -0.2
    endloop
  endfacet
  facet normal 0.0 1.0 0.0
    outer loop
      vertex -0.9299999999999999 5.551115123125783e-17 0.2
      vertex -0.8699999999999999 5.551115123125783e-17 -0.2
      vertex -0.9299999999999999 5.551115123125783e-17 -0.2
    endloop
  endfacet
  facet normal 0.0 -1.0 0.0
    outer loop
      vertex -0.9299999999999999 -0.29999999999999993 0.2
      vertex -0.9299999999999999 -0.29999999999999993 -0.2
      vertex -0.8699999999999999 -0.29999999999999993 -0.2
    endloop
  endfacet
  facet normal 0.0 -1.0 0.0
    outer loop
      vertex -0.9299999999999999 -0.29999999999999993 0.2
      vertex -0.8699999999999999 -0.29999999999999993 -0.2
      vertex -0.8699999999999999 -0.29999999999999993 0.2
    endloop
  endfacet
  facet normal -1.0 0.0 -0.0
    outer loop
      vertex -0.9299999999999999 5.551115123125783e-17 0.2
      vertex -0.9299999999999999 5.551115123125783e-17 -0.2
      vertex -0.9299999999999999 -0.29999999999999993 -0.2
    endloop
  endfacet
  facet normal -1.0 -0.0 0.0
    outer loop
      vertex -0.9299999999999999 5.551115123125783e-17 0.2
      vertex -0.9299999999999999 -0.29999999999999993 -0.2
      vertex -0.9299999999999999 -0.29999999999999993 0.2
    endloop
  endfacet
  facet normal 1.0 0.0 0.0
    outer loop
      vertex -0.8699999999999999 5.551115123125783e-17 0.2
      vertex -0.8699999999999999 -0.29999999999999993 0.2
      vertex -0.8699999999999999 -0.29999999999999993 -0.2
    endloop
  endfacet
  facet normal 1.0 0.0 0.0
    outer loop
      vertex -0.8699999999999999 5.551115123125783e-17 0.2
      vertex -0.8699999999999999 -0.29999999999999993 -0.2
      vertex -0.8699999999999999 5.551115123125783e-17 -0.2
    endloop
  endfacet
  facet normal 0.0 0.0 1.0
    outer loop
      vertex -0.6299999999999999 5.551115123125783e-17 0.2
      vertex -0.6299999999999999 -0.29999999999999993 0.2
      vertex -0.5699999999999998 -0.29999999999999993 0.2
    endloop
  endfacet
  facet normal -0.0 0.0 1.0
    outer loop
      vertex -0.6299999999999999 5.551115123125783e-17 0.2
      vertex -0.5699999999999998 -0.29999999999999993 0.2
      vertex -0.5699999999999998 5.551115123125783e-17 0.2
    endloop
  endfacet
  facet normal 0.0 0.0 -1.0
    outer loop
      vertex -0.6299999999999999 5.551115123125783e-17 -0.2
      vertex -0.5699999999999998 5.551115123125783e-17 -0.2
      vertex -0.5699999999999998 -0.29999999999999993 -0.2
    endloop
  endfacet
  facet normal 0.0 0.0 -1.0
    outer loop
      vertex -0.6299999999999999 5.551115123125783e-17 -0.2
      vertex -0.5699999999999998 -0.29999999999999993 -0.2
      vertex -0.6299999999999999 -0.29999999999999993 -0.2
    endloop
  endfacet
  facet normal -0.0 1.0 0.0
    outer loop
      vertex -0.6299999999999999 5.551115123125783e-17 0.2
      vertex -0.5699999999999998 5.551115123125783e-17 0.2
      vertex -0.5699999999999998 5.551115123125783e-17 -0.2
    endloop
  endfacet
  facet normal 0.0 1.0 0.0
    outer loop
      vertex -0.6299999999999999 5.551115123125783e-17 0.2
      vertex -0.5699999999999998 5.551115123125783e-17 -0.2
      vertex -0.6299999999999999 5.551115123125783e-17 -0.2
    endloop
  endfacet
  facet normal 0.0 -1.0 0.0
    outer loop
      vertex -0.6299999999999999 -0.29999999999999993 0.2
      vertex -0.6299999999999999 -0.29999999999999993 -0.2
      vertex -0.5699999999999998 -0.29999999999999993 -0.2
    endloop
  endfacet
  facet normal 0.0 -1.0 0.0
    outer loop
      vertex -0.6299999999999999 -0.29999999999999993 0.2
      vertex -0.5699999999999998 -0.29999999999999993 -0.2
      vertex -0.5699999999999998 -0.29999999999999993 0.2
    endloop
  endfacet
  facet normal -1.0 0.0 -0.0
    outer loop
      vertex -0.6299999999999999 5.551115123125783e-17 0.2
      vertex -0.6299999999999999 5.551115123125783e-17 -0.2
      vertex -0.6299999999999999 -0.29999999999999993 -0.2
    endloop
  endfacet
  facet normal -1.0 -0.0 0.0
    outer loop
      vertex -0.6299999999999999 5.551115123125783e-17 0.2
      vertex -0.6299999999999999 -0.29999999999999993 -0.2
      vertex -0.6299999999999999 -0.29999999999999993 0.2
    endloop
  endfacet
  facet normal 1.0 0.0 0.0
    outer loop
      vertex -0.5699999999999998 5.551115123125783e-17 0.2
      vertex -0.5699999999999998 -0.29999999999999993 0.2
      vertex -0.5699999999999998 -0.29999999999999993 -0.2
    endloop
  endfacet
  facet normal 1.0 0.0 0.0
    outer loop
      vertex -0.5699999999999998 5.551115123125783e-17 0.2
      vertex -0.5699999999999998 -0.29999999999999993 -0.2
      vertex -0.5699999999999998 5.551115123125783e-17 -0.2
    endloop
  endfacet
  facet normal 0.0 0.0 1.0
    outer loop
      vertex -0.3299999999999998 5.551115123125783e-17 0.2
      vertex -0.32999999999999985 -0.29999999999999993 0.2
      vertex -0.26999999999999985 -0.29999999999999993 0.2
    endloop
  endfacet
  facet normal -0.0 0.0 1.0
    outer loop
      vertex -0.3299999999999998 5.551115123125783e-17 0.2
      vertex -0.26999999999999985 -0.29999999999999993 0.2
      vertex -0.2699999999999998 5.551115123125783e-17 0.2
    endloop
  endfacet
  facet normal 0.0 0.0 -1.0
    outer loop
      vertex -0.3299999999999998 5.551115123125783e-17 -0.2
      vertex -0.2699999999999998 5.551115123125783e-17 -0.2
      vertex -0.26999999999999985 -0.29999999999999993 -0.2
    endloop
  endfacet
  facet normal 0.0 -0.0 -1.0
    outer loop
      vertex -0.3299999999999998 5.551115123125783e-17 -0.2
      vertex -0.26999999999999985 -0.29999999999999993 -0.2
      vertex -0.32999999999999985 -0.29999999999999993 -0.2
    endloop
  endfacet
  facet normal -0.0 1.0 0.0
    outer loop
      vertex -0.3299999999999998 5.551115123125783e-17 0.2
      vertex -0.2699999999999998 5.551115123125783e-17 0.2
      vertex -0.2699999999999998 5.551115123125783e-17 -0.2
    endloop
  endfacet
  facet normal 0.0 1.0 0.0
    outer loop
      vertex -0.3299999999999998 5.551115123125783e-17 0.2
      vertex -0.2699999999999998 5.551115123125783e-17 -0.2
      vertex -0.3299999999999998 5.551115123125783e-17 -0.2
    endloop
  endfacet
  facet normal 0.0 -1.0 0.0
    outer loop
      vertex -0.32999999999999985 -0.29999999999999993 0.2
      vertex -0.32999999999999985 -0.29999999999999993 -0.2
      vertex -0.26999999999999985 -0.29999999999999993 -0.2
    endloop
  endfacet
  facet normal 0.0 -1.0 0.0
    outer loop
      vertex -0.32999999999999985 -0.29999999999999993 0.2
      vertex -0.26999999999999985 -0.29999999999999993 -0.2
      vertex -0.26999999999999985 -0.29999999999999993 0.2
    endloop
  endfacet
  facet normal -1.0 1.8503717077085943e-16 0.0
    outer loop
      vertex -0.3299999999999998 5.551115123125783e-17 0.2
      vertex -0.3299999999999998 5.551115123125783e-17 -0.2
      vertex -0.32999999999999985 -0.29999999999999993 -0.2
    endloop
  endfacet
  facet normal -1.0 1.8503717077085943e-16 0.0
    outer loop
      vertex -0.3299999999999998 5.551115123125783e-17 0.2
      vertex -0.32999999999999985 -0.29999999999999993 -0.2
      vertex -0.32999999999999985 -0.29999999999999993 0.2
    endloop
  endfacet
  facet normal 1.0 -1.8503717077085943e-16 0.0
    outer loop
      vertex -0.2699999999999998 5.551115123125783e-17 0.2
      vertex -0.26999999999999985 -0.29999999999999993 0.2
      vertex -0.26999999999999985 -0.29999999999999993 -0.2
    endloop
  endfacet
  facet normal 1.0 -1.8503717077085943e-16 0.0
    outer loop
      vertex -0.2699999999999998 5.551115123125783e-17 0.2
      vertex -0.26999999999999985 -0.29999999999999993 -0.2
      vertex -0.2699999999999998 5.551115123125783e-17 -0.2
    endloop
  endfacet
  facet normal 0.0 0.0 1.0
    outer loop
      vertex 0.5700000000000001 5.551115123125783e-17 0.2
      vertex 0.5700000000000001 -0.29999999999999993 0.2
      vertex 0.6300000000000001 -0.29999999999999993 0.2
    endloop
  endfacet
  facet normal -0.0 0.0 1.0
    outer loop
      vertex 0.5700000000000001 5.551115123125783e-17 0.2
      vertex 0.6300000000000001 -0.29999999999999993 0.2
      vertex 0.6300000000000001 5.551115123125783e-17 0.2
    endloop
  endfacet
  facet normal 0.0 0.0 -1.0
    outer loop
      vertex 0.5700000000000001 5.551115123125783e-17 -0.2
      vertex 0.6300000000000001 5.551115123125783e-17 -0.2
      vertex 0.6300000000000001 -0.29999999999999993 -0.2
    endloop
  endfacet
  facet normal 0.0 0.0 -1.0
    outer loop
      vertex 0.5700000000000001 5.551115123125783e-17 -0.2
      vertex 0.6300000000000001 -0.29999999999999993 -0.2
      vertex 0.5700000000000001 -0.29999999999999993 -0.2
    endloop
  endfacet
  facet normal -0.0 1.0 0.0
    outer loop
      vertex 0.5700000000000001 5.551115123125783e-17 0.2
      vertex 0.6300000000000001 5.551115123125783e-17 0.2
      vertex 0.6300000000000001 5.551115123125783e-17 -0.2
    endloop
  endfacet
  facet normal 0.0 1.0 0.0
    outer loop
      vertex 0.5700000000000001 5.551115123125783e-17 0.2
      vertex 0.6300000000000001 5.551115123125783e-17 -0.2
      vertex 0.5700000000000001 5.551115123125783e-17 -0.2
    endloop
  endfacet
  facet normal 0.0 -1.0 0.0
    outer loop
      vertex 0.5700000000000001 -0.29999999999999993 0.2
      vertex 0.5700000000000001 -0.29999999999999993 -0.2
      vertex 0.6300000000000001 -0.29999999999999993 -0.2
    endloop
  endfacet
  facet normal 0.0 -1.0 0.0
    outer loop
      vertex 0.5700000000000001 -0.29999999999999993 0.2
      vertex 0.6300000000000001 -0.29999999999999993 -0.2
      vertex 0.6300000000000001 -0.29999999999999993 0.2
    endloop
  endfacet
  facet normal -1.0 0.0 -0.0
    outer loop
      vertex 0.5700000000000001 5.551115123125783e-17 0.2
      vertex 0.5700000000000001 5.551115123125783e-17 -0.2
      vertex 0.5700000000000001 -0.29999999999999993 -0.2
    endloop
  endfacet
  facet normal -1.0 -0.0 0.0
    outer loop
      vertex 0.5700000000000001 5.551115123125783e-17 0.2
      vertex 0.5700000000000001 -0.29999999999999993 -0.2
      vertex 0.5700000000000001 -0.29999999999999993 0.2
    endloop
  endfacet
  facet normal 1.0 0.0 0.0
    outer loop
      vertex 0.6300000000000001 5.551115123125783e-17 0.2
      vertex 0.6300000000000001 -0.29999999999999993 0.2
      vertex 0.6300000000000001 -0.29999999999999993 -0.2
    endloop
  endfacet
  facet normal 1.0 0.0 0.0
    outer loop
      vertex 0.6300000000000001 5.551115123125783e-17 0.2
      vertex 0.6300000000000001 -0.29999999999999993 -0.2
      vertex 0.6300000000000001 5.551115123125783e-17 -0.2
    endloop
  endfacet
  facet normal 0.0 0.0 1.0
    outer loop
      vertex 0.8700000000000001 5.551115123125783e-17 0.2
      vertex 0.8700000000000001 -0.29999999999999993 0.2
      vertex 0.9300000000000002 -0.29999999999999993 0.2
    endloop
  endfacet
  facet normal -0.0 0.0 1.0
    outer loop
      vertex 0.8700000000000001 5.551115123125783e-17 0.2
      vertex 0.9300000000000002 -0.29999999999999993 0.2
      vertex 0.9300000000000002 5.551115123125783e-17 0.2
    endloop
  endfacet
  facet normal 0.0 0.0 -1.0
    outer loop
      vertex 0.8700000000000001 5.551115123125783e-17 -0.2
      vertex 0.9300000000000002 5.551115123125783e-17 -0.2
      vertex 0.9300000000000002 -0.29999999999999993 -0.2
    endloop
  endfacet
  facet normal 0.0 0.0 -1.0
    outer loop
      vertex 0.8700000000000001 5.551115123125783e-17 -0.2
      vertex 0.9300000000000002 -0.29999999999999993 -0.2
      vertex 0.8700000000000001 -0.29999999999999993 -0.2
    endloop
  endfacet
  facet normal -0.0 1.0 0.0
    outer loop
      vertex 0.8700000000000001 5.551115123125783e-17 0.2
      vertex 0.9300000000000002 5.551115123125783e-17 0.2
      vertex 0.9300000000000002 5.551115123125783e-17 -0.2
    endloop
  endfacet
  facet normal 0.0 1.0 0.0
    outer loop
      vertex 0.8700000000000001 5.551115123125783e-17 0.2
      vertex 0.9300000000000002 5.551115123125783e-17 -0.2
      vertex 0.8700000000000001 5.551115123125783e-17 -0.2
    endloop
  endfacet
  facet normal 0.0 -1.0 0.0
    outer loop
      vertex 0.8700000000000001 -0.29999999999999993 0.2
      vertex 0.8700000000000001 -0.29999999999999993 -0.2
      vertex 0.9300000000000002 -0.29999999999999993 -0.2
    endloop
  endfacet
  facet normal 0.0 -1.0 0.0
    outer loop
      vertex 0.8700000000000001 -0.29999999999999993 0.2
      vertex 0.9300000000000002 -0.29999999999999993 -0.2
      vertex 0.9300000000000002 -0.29999999999999993 0.2
    endloop
  endfacet
  facet normal -1.0 0.0 -0.0
    outer loop
      vertex 0.8700000000000001 5.551115123125783e-17 0.2
      vertex 0.8700000000000001 5.551115123125783e-17 -0.2
      vertex 0.8700000000000001 -0.29999999999999993 -0.2
    endloop
  endfacet
  facet normal -1.0 -0.0 0.0
    outer loop
      vertex 0.8700000000000001 5.551115123125783e-17 0.2
      vertex 0.8700000000000001 -0.29999999999999993 -0.2
      vertex 0.8700000000000001 -0.29999999999999993 0.2
    endloop
  endfacet
  facet normal 1.0 0.0 0.0
    outer loop
      vertex 0.9300000000000002 5.551115123125783e-17 0.2
      vertex 0.9300000000000002 -0.29999999999999993 0.2
      vertex 0.9300000000000002 -0.29999999999999993 -0.2
    endloop
  endfacet
  facet normal 1.0 0.0 0.0
    outer loop
      vertex 0.9300000000000002 5.551115123125783e-17 0.2
      vertex 0.9300000000000002 -0.29999999999999993 -0.2
      vertex 0.9300000000000002 5.551115123125783e-17 -0.2
    endloop
  endfacet
  facet normal 0.0 0.0 1.0
    outer loop
      vertex -0.9299999999999999 0.3 0.2
      vertex -0.9299999999999999 0.0 0.2
      vertex -0.8699999999999999 0.0 0.2
    endloop
  endfacet
  facet normal -0.0 0.0 1.0
    outer loop
      vertex -0.9299999999999999 0.3 0.2
      vertex -0.8699999999999999 0.0 0.2
      vertex -0.8699999999999999 0.3 0.2
    endloop
  endfacet
  facet normal 0.0 0.0 -1.0
    outer loop
      vertex -0.9299999999999999 0.3 -0.2
      vertex -0.8699999999999999 0.3 -0.2
      vertex -0.8699999999999999 0.0 -0.2
    endloop
  endfacet
  facet normal 0.0 0.0 -1.0
    outer loop
      vertex -0.9299999999999999 0.3 -0.2
      vertex -0.8699999999999999 0.0 -0.2
      vertex -0.9299999999999999 0.0 -0.2
    endloop
  endfacet
  facet normal -0.0 1.0 0.0
    outer loop
      vertex -0.9299999999999999 0.3 0.2
      vertex -0.8699999999999999 0.3 0.2
      vertex -0.8699999999999999 0.3 -0.2
    endloop
  endfacet
  facet normal 0.0 1.0 0.0
    outer loop
      vertex -0.9299999999999999 0.3 0.2
      vertex -0.8699999999999999 0.3 -0.2
      vertex -0.9299999999999999 0.3 -0.2
    endloop
  endfacet
  facet normal 0.0 -1.0 0.0
    outer loop
      vertex -0.9299999999999999 0.0 0.2
      vertex -0.9299999999999999 0.0 -0.2
      vertex -0.8699999999999999 0.0 -0.2
    endloop
  endfacet
  facet normal 0.0 -1.0 0.0
    outer loop
      vertex -0.9299999999999999 0.0 0.2
      vertex -0.8699999999999999 0.0 -0.2
      vertex -0.8699999999999999 0.0 0.2
    endloop
  endfacet
  facet normal -1.0 0.0 -0.0
    outer loop
      vertex -0.9299999999999999 0.3 0.2
      vertex -0.9299999999999999 0.3 -0.2
      vertex -0.9299999999999999 0.0 -0.2
    endloop
  endfacet
  facet normal -1.0 -0.0 0.0
    outer loop
      vertex -0.9299999999999999 0.3 0.2
      vertex -0.9299999999999999 0.0 -0.2
      vertex -0.9299999999999999 0.0 0.2
    endloop
  endfacet
  facet normal 1.0 0.0 0.0
    outer loop
      vertex -0.8699999999999999 0.3 0.2
      vertex -0.8699999999999999 0.0 0.2
      vertex -0.8699999999999999 0.0 -0.2
    endloop
  endfacet
  facet normal 1.0 0.0 0.0
    outer loop
      vertex -0.8699999999999999 0.3 0.2
      vertex -0.8699999999999999 0.0 -0.2
      vertex -0.8699999999999999 0.3 -0.2
    endloop
  endfacet
  facet normal 0.0 0.0 1.0
    outer loop
      vertex -0.2999999999999998 0.32999999999999996 0.2
      vertex -0.5999999999999999 0.32999999999999996 0.2
      vertex -0.5999999999999999 0.27 0.2
    endloop
  endfacet
  facet normal 0.0 0.0 1.0
    outer loop
      vertex -0.2999999999999998 0.32999999999999996 0.2
      vertex -0.5999999999999999 0.27 0.2
      vertex -0.2999999999999998 0.27 0.2
    endloop
  endfacet
  facet normal 0.0 -0.0 -1.0
    outer loop
      vertex -0.2999999999999998 0.32999999999999996 -0.2
      vertex -0.2999999999999998 0.27 -0.2
      vertex -0.5999999999999999 0.27 -0.2
    endloop
  endfacet
  facet normal -0.0 0.0 -1.0
    outer loop
      vertex -0.2999999999999998 0.32999999999999996 -0.2
      vertex -0.5999999999999999 0.27 -0.2
      vertex -0.5999999999999999 0.32999999999999996 -0.2
    endloop
  endfacet
  facet normal 1.0 0.0 0.0
    outer loop
      vertex -0.2999999999999998 0.32999999999999996 0.2
      vertex -0.2999999999999998 0.27 0.2
      vertex -0.2999999999999998 0.27 -0.2
    endloop
  endfacet
  facet normal 1.0 0.0 0.0
    outer loop
      vertex -0.2999999999999998 0.32999999999999996 0.2
      vertex -0.2999999999999998 0.27 -0.2
      vertex -0.2999999999999998 0.32999999999999996 -0.2
    endloop
  endfacet
  facet normal -1.0 0.0 -0.0
    outer loop
      vertex -0.5999999999999999 0.32999999999999996 0.2
      vertex -0.5999999999999999 0.32999999999999996 -0.2
      vertex -0.5999999999999999 0.27 -0.2
    endloop
  endfacet
  facet normal -1.0 -0.0 0.0
    outer loop
      vertex -0.5999999999999999 0.32999999999999996 0.2
      vertex -0.5999999999999999 0.27 -0.2
      vertex -0.5999999999999999 0.27 0.2
    endloop
  endfacet
  facet normal 0.0 1.0 0.0
    outer loop
      vertex -0.2999999999999998 0.32999999999999996 0.2
      vertex -0.2999999999999998 0.32999999999999996 -0.2
      vertex -0.5999999999999999 0.32999999999999996 -0.2
    endloop
  endfacet
  facet normal 0.0 1.0 0.0
    outer loop
      vertex -0.2999999999999998 0.32999999999999996 0.2
      vertex -0.5999999999999999 0.32999999999999996 -0.2
      vertex -0.5999999999999999 0.32999999999999996 0.2
    endloop
  endfacet
  facet normal -0.0 -1.0 0.0
    outer loop
      vertex -0.2999999999999998 0.27 0.2
      vertex -0.5999999999999999 0.27 0.2
      vertex -0.5999999999999999 0.27 -0.2
    endloop
  endfacet
  facet normal 0.0 -1.0 -0.0
    outer loop
      vertex -0.2999999999999998 0.27 0.2
      vertex -0.5999999999999999 0.27 -0.2
      vertex -0.2999999999999998 0.27 -0.2
    endloop
  endfacet
  facet normal 0.0 0.0 1.0
    outer loop
      vertex -0.3299999999999998 0.3 0.2
      vertex -0.32999999999999985 0.0 0.2
      vertex -0.26999999999999985 0.0 0.2
    endloop
  endfacet
  facet normal -0.0 0.0 1.0
    outer loop
      vertex -0.3299999999999998 0.3 0.2
      vertex -0.26999999999999985 0.0 0.2
      vertex -0.2699999999999998 0.3 0.2
    endloop
  endfacet
  facet normal 0.0 0.0 -1.0
    outer loop
      vertex -0.3299999999999998 0.3 -0.2
      vertex -0.2699999999999998 0.3 -0.2
      vertex -0.26999999999999985 0.0 -0.2
    endloop
  endfacet
  facet normal 0.0 -0.0 -1.0
    outer loop
      vertex -0.3299999999999998 0.3 -0.2
      vertex -0.26999999999999985 0.0 -0.2
      vertex -0.32999999999999985 0.0 -0.2
    endloop
  endfacet
  facet normal -0.0 1.0 0.0
    outer loop
      vertex -0.3299999999999998 0.3 0.2
      vertex -0.2699999999999998 0.3 0.2
      vertex -0.2699999999999998 0.3 -0.2
    endloop
  endfacet
  facet normal 0.0 1.0 0.0
    outer loop
      vertex -0.3299999999999998 0.3 0.2
      vertex -0.2699999999999998 0.3 -0.2
      vertex -0.3299999999999998 0.3 -0.2
    endloop
  endfacet
  facet normal 0.0 -1.0 0.0
    outer loop
      vertex -0.32999999999999985 0.0 0.2
      vertex -0.32999999999999985 0.0 -0.2
      vertex -0.26999999999999985 0.0 -0.2
    endloop
  endfacet
  facet normal 0.0 -1.0 0.0
    outer loop
      vertex -0.32999999999999985 0.0 0.2
      vertex -0.26999999999999985 0.0 -0.2
      vertex -0.26999999999999985 0.0 0.2
    endloop
  endfacet
  facet normal -1.0 1.8503717077085943e-16 0.0
    outer loop
      vertex -0.3299999999999998 0.3 0.2
      vertex -0.3299999999999998 0.3 -0.2
      vertex -0.32999999999999985 0.0 -0.2
    endloop
  endfacet
  facet normal -1.0 1.8503717077085943e-16 0.0
    outer loop
      vertex -0.3299999999999998 0.3 0.2
      vertex -0.32999999999999985 0.0 -0.2
      vertex -0.32999999999999985 0.0 0.2
    endloop
  endfacet
  facet normal 1.0 -1.8503717077085943e-16 0.0
    outer loop
      vertex -0.2699999999999998 0.3 0.2
      vertex -0.26999999999999985 0.0 0.2
      vertex -0.26999999999999985 0.0 -0.2
    endloop
  endfacet
  facet normal 1.0 -1.8503717077085943e-16 0.0
    outer loop
      vertex -0.2699999999999998 0.3 0.2
      vertex -0.26999999999999985 0.0 -0.2
      vertex -0.2699999999999998 0.3 -0.2
    endloop
  endfacet
  facet normal 0.0 0.0 1.0
    outer loop
      vertex 0.5700000000000001 0.3 0.2
      vertex 0.5700000000000001 0.0 0.2
      vertex 0.6300000000000001 0.0 0.2
    endloop
  endfacet
  facet normal -0.0 0.0 1.0
    outer loop
      vertex 0.5700000000000001 0.3 0.2
      vertex 0.6300000000000001 0.0 0.2
      vertex 0.6300000000000001 0.3 0.2
    endloop
  endfacet
  facet normal 0.0 0.0 -1.0
    outer loop
      vertex 0.5700000000000001 0.3 -0.2
      vertex 0.6300000000000001 0.3 -0.2
      vertex 0.6300000000000001 0.0 -0.2
    endloop
  endfacet
  facet normal 0.0 0.0 -1.0
    outer loop
      vertex 0.5700000000000001 0.3 -0.2
      vertex 0.6300000000000001 0.0 -0.2
      vertex 0.5700000000000001 0.0 -0.2
    endloop
  endfacet
  facet normal -0.0 1.0 0.0
    outer loop
      vertex 0.5700000000000001 0.3 0.2
      vertex 0.6300000000000001 0.3 0.2
      vertex 0.6300000000000001 0.3 -0.2
    endloop
  endfacet
  facet normal 0.0 1.0 0.0
    outer loop
      vertex 0.5700000000000001 0.3 0.2
      vertex 0.6300000000000001 0.3 -0.2
      vertex 0.5700000000000001 0.3 -0.2
    endloop
  endfacet
  facet normal 0.0 -1.0 0.0
    outer loop
      vertex 0.5700000000000001 0.0 0.2
      vertex 0.5700000000000001 0.0 -0.2
      vertex 0.6300000000000001 0.0 -0.2
    endloop
  endfacet
  facet normal 0.0 -1.0 0.0
    outer loop
      vertex 0.5700000000000001 0.0 0.2
      vertex 0.6300000000000001 0.0 -0.2
      vertex 0.6300000000000001 0.0 0.2
    endloop
  endfacet
  facet normal -1.0 0.0 -0.0
    outer loop
      vertex 0.5700000000000001 0.3 0.2
      vertex 0.5700000000000001 0.3 -0.2
      vertex 0.5700000000000001 0.0 -0.2
    endloop
  endfacet
  facet normal -1.0 -0.0 0.0
    outer loop
      vertex 0.5700000000000001 0.3 0.2
      vertex 0.5700000000000001 0.0 -0.2
      vertex 0.5700000000000001 0.0 0.2
    endloop
  endfacet
  facet normal 1.0 0.0 0.0
    outer loop
      vertex 0.6300000000000001 0.3 0.2
      vertex 0.6300000000000001 0.0 0.2
      vertex 0.6300000000000001 0.0 -0.2
    endloop
  endfacet
  facet normal 1.0 0.0 0.0
    outer loop
      vertex 0.6300000000000001 0.3 0.2
      vertex 0.6300000000000001 0.0 -0.2
      vertex 0.6300000000000001 0.3 -0.2
    endloop
  endfacet
  facet normal 0.0 0.0 1.0
    outer loop
      vertex 0.8700000000000001 0.3 0.2
      vertex 0.8700000000000001 0.0 0.2
      vertex 0.9300000000000002 0.0 0.2
    endloop
  endfacet
  facet normal -0.0 0.0 1.0
    outer loop
      vertex 0.8700000000000001 0.3 0.2
      vertex 0.9300000000000002 0.0 0.2
      vertex 0.9300000000000002 0.3 0.2
    endloop
  endfacet
  facet normal 0.0 0.0 -1.0
    outer loop
      vertex 0.8700000000000001 0.3 -0.2
      vertex 0.9300000000000002 0.3 -0.2
      vertex 0.9300000000000002 0.0 -0.2
    endloop
  endfacet
  facet normal 0.0 0.0 -1.0
    outer loop
      vertex 0.8700000000000001 0.3 -0.2
      vertex 0.9300000000000002 0.0 -0.2
      vertex 0.8700000000000001 0.0 -0.2
    endloop
  endfacet
  facet normal -0.0 1.0 0.0
    outer loop
      vertex 0.8700000000000001 0.3 0.2
      vertex 0.9300000000000002 0.3 0.2
      vertex 0.9300000000000002 0.3 -0.2
    endloop
  endfacet
  facet normal 0.0 1.0 0.0
    outer loop
      vertex 0.8700000000000001 0.3 0.2
      vertex 0.9300000000000002 0.3 -0.2
      vertex 0.8700000000000001 0.3 -0.2
    endloop
  endfacet
  facet normal 0.0 -1.0 0.0
    outer loop
      vertex 0.8700000000000001 0.0 0.2
      vertex 0.8700000000000001 0.0 -0.2
      vertex 0.9300000000000002 0.0 -0.2
    endloop
  endfacet
  facet normal 0.0 -1.0 0.0
    outer loop
      vertex 0.8700000000000001 0.0 0.2
      vertex 0.9300000000000002 0.0 -0.2
      vertex 0.9300000000000002 0.0 0.2
    endloop
  endfacet
  facet normal -1.0 0.0 -0.0
    outer loop
      vertex 0.8700000000000001 0.3 0.2
      vertex 0.8700000000000001 0.3 -0.2
      vertex 0.8700000000000001 0.0 -0.2
    endloop
  endfacet
  facet normal -1.0 -0.0 0.0
    outer loop
      vertex 0.8700000000000001 0.3 0.2
      vertex 0.8700000000000001 0.0 -0.2
      vertex 0.8700000000000001 0.0 0.2
    endloop
  endfacet
  facet normal 1.0 0.0 0.0
    outer loop
      vertex 0.9300000000000002 0.3 0.2
      vertex 0.9300000000000002 0.0 0.2
      vertex 0.9300000000000002 0.0 -0.2
    endloop
  endfacet
  facet normal 1.0 0.0 0.0
    outer loop
      vertex 0.9300000000000002 0.3 0.2
      vertex 0.9300000000000002 0.0 -0.2
      vertex 0.9300000000000002 0.3 -0.2
    endloop
  endfacet
  facet normal 0.0 0.0 1.0
    outer loop
      vertex -0.9299999999999999 0.6000000000000001 0.2
      vertex -0.9299999999999999 0.30000000000000004 0.2
      vertex -0.8699999999999999 0.30000000000000004 0.2
    endloop
  endfacet
  facet normal -0.0 0.0 1.0
    outer loop
      vertex -0.9299999999999999 0.6000000000000001 0.2
      vertex -0.8699999999999999 0.30000000000000004 0.2
      vertex -0.8699999999999999 0.6000000000000001 0.2
    endloop
  endfacet
  facet normal 0.0 0.0 -1.0
    outer loop
      vertex -0.9299999999999999 0.6000000000000001 -0.2
      vertex -0.8699999999999999 0.6000000000000001 -0.2
      vertex -0.8699999999999999 0.30000000000000004 -0.2
    endloop
  endfacet
  facet normal 0.0 0.0 -1.0
    outer loop
      vertex -0.9299999999999999 0.6000000000000001 -0.2
      vertex -0.8699999999999999 0.30000000000000004 -0.2
      vertex -0.9299999999999999 0.30000000000000004 -0.2
    endloop
  endfacet
  facet normal -0.0 1.0 0.0
    outer loop
      vertex -0.9299999999999999 0.6000000000000001 0.2
      vertex -0.8699999999999999 0.6000000000000001 0.2
      vertex -0.8699999999999999 0.6000000000000001 -0.2
    endloop
  endfacet
  facet normal 0.0 1.0 0.0
    outer loop
      vertex -0.9299999999999999 0.6000000000000001 0.2
      vertex -0.8699999999999999 0.6000000000000001 -0.2
      vertex -0.9299999999999999 0.6000000000000001 -0.2
    endloop
  endfacet
  facet normal 0.0 -1.0 0.0
    outer loop
      vertex -0.9299999999999999 0.30000000000000004 0.2
      vertex -0.9299999999999999 0.30000000000000004 -0.2
      vertex -0.8699999999999999 0.30000000000000004 -0.2
    endloop
  endfacet
  facet normal 0.0 -1.0 0.0
    outer loop
      vertex -0.9299999999999999 0.30000000000000004 0.2
      vertex -0.8699999999999999 0.30000000000000004 -0.2
      vertex -0.8699999999999999 0.30000000000000004 0.2
    endloop
  endfacet
  facet normal -1.0 0.0 -0.0
    outer loop
      vertex -0.9299999999999999 0.6000000000000001 0.2
      vertex -0.9299999999999999 0.6000000000000001 -0.2
      vertex -0.9299999999999999 0.30000000000000004 -0.2
    endloop
  endfacet
  facet normal -1.0 -0.0 0.0
    outer loop
      vertex -0.9299999999999999 0.6000000000000001 0.2
      vertex -0.9299999999999999 0.30000000000000004 -0.2
      vertex -0.9299999999999999 0.30000000000000004 0.2
    endloop
  endfacet
  facet normal 1.0 0.0 0.0
    outer loop
      vertex -0.8699999999999999 0.6000000000000001 0.2
      vertex -0.8699999999999999 0.30000000000000004 0.2
      vertex -0.8699999999999999 0.30000000000000004 -0.2
    endloop
  endfacet
  facet normal 1.0 0.0 0.0
    outer loop
      vertex -0.8699999999999999 0.6000000000000001 0.2
      vertex -0.8699999999999999 0.30000000000000004 -0.2
      vertex -0.8699999999999999 0.6000000000000001 -0.2
    endloop
  endfacet
  facet normal 0.0 0.0 1.0
    outer loop
      vertex -0.6299999999999999 0.6000000000000001 0.2
      vertex -0.6299999999999999 0.30000000000000004 0.2
      vertex -0.5699999999999998 0.30000000000000004 0.2
    endloop
  endfacet
  facet normal -0.0 0.0 1.0
    outer loop
      vertex -0.6299999999999999 0.6000000000000001 0.2
      vertex -0.5699999999999998 0.30000000000000004 0.2
      vertex -0.5699999999999998 0.6000000000000001 0.2
    endloop
  endfacet
  facet normal 0.0 0.0 -1.0
    outer loop
      vertex -0.6299999999999999 0.6000000000000001 -0.2
      vertex -0.5699999999999998 0.6000000000000001 -0.2
      vertex -0.5699999999999998 0.30000000000000004 -0.2
    endloop
  endfacet
  facet normal 0.0 0.0 -1.0
    outer loop
      vertex -0.6299999999999999 0.6000000000000001 -0.2
      vertex -0.5699999999999998 0.30000000000000004 -0.2
      vertex -0.6299999999999999 0.30000000000000004 -0.2
    endloop
  endfacet
  facet normal -0.0 1.0 0.0
    outer loop
      vertex -0.6299999999999999 0.6000000000000001 0.2
      vertex -0.5699999999999998 0.6000000000000001 0.2
      vertex -0.5699999999999998 0.6000000000000001 -0.2
    endloop
  endfacet
  facet normal 0.0 1.0 0.0
    outer loop
      vertex -0.6299999999999999 0.6000000000000001 0.2
      vertex -0.5699999999999998 0.6000000000000001 -0.2
      vertex -0.6299999999999999 0.6000000000000001 -0.2
    endloop
  endfacet
  facet normal 0.0 -1.0 0.0
    outer loop
      vertex -0.6299999999999999 0.30000000000000004 0.2
      vertex -0.6299999999999999 0.30000000000000004 -0.2
      vertex -0.5699999999999998 0.30000000000000004 -0.2
    endloop
  endfacet
  facet normal 0.0 -1.0 0.0
    outer loop
      vertex -0.6299999999999999 0.30000000000000004 0.2
      vertex -0.5699999999999998 0.30000000000000004 -0.2
      vertex -0.5699999999999998 0.30000000000000004 0.2
    endloop
  endfacet
  facet normal -1.0 0.0 -0.0
    outer loop
      vertex -0.6299999999999999 0.6000000000000001 0.2
      vertex -0.6299999999999999 0.6000000000000001 -0.2
      vertex -0.6299999999999999 0.30000000000000004 -0.2
    endloop
  endfacet
  facet normal -1.0 -0.0 0.0
    outer loop
      vertex -0.6299999999999999 0.6000000000000001 0.2
      vertex -0.6299999999999999 0.30000000000000004 -0.2
      vertex -0.6299999999999999 0.30000000000000004 0.2
    endloop
  endfacet
  facet normal 1.0 0.0 0.0
    outer loop
      vertex -0.5699999999999998 0.6000000000000001 0.2
      vertex -0.5699999999999998 0.30000000000000004 0.2
      vertex -0.5699999999999998 0.30000000000000004 -0.2
    endloop
  endfacet
  facet normal 1.0 0.0 0.0
    outer loop
      vertex -0.5699999999999998 0.6000000000000001 0.2
      vertex -0.5699999999999998 0.30000000000000004 -0.2
      vertex -0.5699999999999998 0.6000000000000001 -0.2
    endloop
  endfacet
  facet normal 0.0 0.0 1.0
    outer loop
      vertex -0.2999999999999998 0.6300000000000001 0.2
      vertex -0.5999999999999999 0.6300000000000001 0.2
      vertex -0.5999999999999999 0.5700000000000001 0.2
    endloop
  endfacet
  facet normal 0.0 0.0 1.0
    outer loop
      vertex -0.2999999999999998 0.6300000000000001 0.2
      vertex -0.5999999999999999 0.5700000000000001 0.2
      vertex -0.2999999999999998 0.5700000000000001 0.2
    endloop
  endfacet
  facet normal 0.0 -0.0 -1.0
    outer loop
      vertex -0.2999999999999998 0.6300000000000001 -0.2
      vertex -0.2999999999999998 0.5700000000000001 -0.2
      vertex -0.5999999999999999 0.5700000000000001 -0.2
    endloop
  endfacet
  facet normal -0.0 0.0 -1.0
    outer loop
      vertex -0.2999999999999998 0.6300000000000001 -0.2
      vertex -0.5999999999999999 0.5700000000000001 -0.2
      vertex -0.5999999999999999 0.6300000000000001 -0.2
    endloop
  endfacet
  facet normal 1.0 0.0 0.0
    outer loop
      vertex -0.2999999999999998 0.6300000000000001 0.2
      vertex -0.2999999999999998 0.5700000000000001 0.2
      vertex -0.2999999999999998 0.5700000000000001 -0.2
    endloop
  endfacet
  facet normal 1.0 0.0 0.0
    outer loop
      vertex -0.2999999999999998 0.6300000000000001 0.2
      vertex -0.2999999999999998 0.5700000000000001 -0.2
      vertex -0.2999999999999998 0.6300000000000001 -0.2
    endloop
  endfacet
  facet normal -1.0 0.0 -0.0
    outer loop
      vertex -0.5999999999999999 0.6300000000000001 0.2
      vertex -0.5999999999999999 0.6300000000000001 -0.2
      vertex -0.5999999999999999 0.5700000000000001 -0.2
    endloop
  endfacet
  facet normal -1.0 -0.0 0.0
    outer loop
      vertex -0.5999999999999999 0.6300000000000001 0.2
      vertex -0.5999999999999999 0.5700000000000001 -0.2
      vertex -0.5999999999999999 0.5700000000000001 0.2
    endloop
  endfacet
  facet normal 0.0 1.0 0.0
    outer loop
      vertex -0.2999999999999998 0.6300000000000001 0.2
      vertex -0.2999999999999998 0.6300000000000001 -0.2
      vertex -0.5999999999999999 0.6300000000000001 -0.2
    endloop
  endfacet
  facet normal 0.0 1.0 0.0
    outer loop
      vertex -0.2999999999999998 0.6300000000000001 0.2
      vertex -0.5999999999999999 0.6300000000000001 -0.2
      vertex -0.5999999999999999 0.6300000000000001 0.2
    endloop
  endfacet
  facet normal -0.0 -1.0 0.0
    outer loop
      vertex -0.2999999999999998 0.5700000000000001 0.2
      vertex -0.5999999999999999 0.5700000000000001 0.2
      vertex -0.5999999999999999 0.5700000000000001 -0.2
    endloop
  endfacet
  facet normal 0.0 -1.0 -0.0
    outer loop
      vertex -0.2999999999999998 0.5700000000000001 0.2
      vertex -0.5999999999999999 0.5700000000000001 -0.2
      vertex -0.2999999999999998 0.5700000000000001 -0.2
    endloop
  endfacet
  facet normal 0.0 0.0 1.0
    outer loop
      vertex 0.5700000000000001 0.6000000000000001 0.2
      vertex 0.5700000000000001 0.30000000000000004 0.2
      vertex 0.6300000000000001 0.30000000000000004 0.2
    endloop
  endfacet
  facet normal -0.0 0.0 1.0
    outer loop
      vertex 0.5700000000000001 0.6000000000000001 0.2
      vertex 0.6300000000000001 0.30000000000000004 0.2
      vertex 0.6300000000000001 0.6000000000000001 0.2
    endloop
  endfacet
  facet normal 0.0 0.0 -1.0
    outer loop
      vertex 0.5700000000000001 0.6000000000000001 -0.2
      vertex 0.6300000000000001 0.6000000000000001 -0.2
      vertex 0.6300000000000001 0.30000000000000004 -0.2
    endloop
  endfacet
  facet normal 0.0 0.0 -1.0
    outer loop
      vertex 0.5700000000000001 0.6000000000000001 -0.2
      vertex 0.6300000000000001 0.30000000000000004 -0.2
      vertex 0.5700000000000001 0.30000000000000004 -0.2
    endloop
  endfacet
  facet normal -0.0 1.0 0.0
    outer loop
      vertex 0.5700000000000001 0.6000000000000001 0.2
      vertex 0.6300000000000001 0.6000000000000001 0.2
      vertex 0.6300000000000001 0.6000000000000001 -0.2
    endloop
  endfacet
  facet normal 0.0 1.0 0.0
    outer loop
      vertex 0.5700000000000001 0.6000000000000001 0.2
      vertex 0.6300000000000001 0.6000000000000001 -0.2
      vertex 0.5700000000000001 0.6000000000000001 -0.2
    endloop
  endfacet
  facet normal 0.0 -1.0 0.0
    outer loop
      vertex 0.5700000000000001 0.30000000000000004 0.2
      vertex 0.5700000000000001 0.30000000000000004 -0.2
      vertex 0.6300000000000001 0.30000000000000004 -0.2
    endloop
  endfacet
  facet normal 0.0 -1.0 0.0
    outer loop
      vertex 0.5700000000000001 0.30000000000000004 0.2
      vertex 0.6300000000000001 0.30000000000000004 -0.2
      vertex 0.6300000000000001 0.30000000000000004 0.2
    endloop
  endfacet
  facet normal -1.0 0.0 -0.0
    outer loop
      vertex 0.5700000000000001 0.6000000000000001 0.2
      vertex 0.5700000000000001 0.6000000000000001 -0.2
      vertex 0.5700000000000001 0.30000000000000004 -0.2
    endloop
  endfacet
  facet normal -1.0 -0.0 0.0
    outer loop
      vertex 0.5700000000000001 0.6000000000000001 0.2
      vertex 0.5700000000000001 0.30000000000000004 -0.2
      vertex 0.5700000000000001 0.30000000000000004 0.2
    endloop
  endfacet
  facet normal 1.0 0.0 0.0
    outer loop
      vertex 0.6300000000000001 0.6000000000000001 0.2
      vertex 0.6300000000000001 0.30000000000000004 0.2
      vertex 0.6300000000000001 0.30000000000000004 -0.2
    endloop
  endfacet
  facet normal 1.0 0.0 0.0
    outer loop
      vertex 0.6300000000000001 0.6000000000000001 0.2
      vertex 0.6300000000000001 0.30000000000000004 -0.2
      vertex 0.6300000000000001 0.6000000000000001 -0.2
    endloop
  endfacet
  facet normal 0.0 0.0 1.0
    outer loop
      vertex 0.8700000000000001 0.6000000000000001 0.2
      vertex 0.8700000000000001 0.30000000000000004 0.2
      vertex 0.9300000000000002 0.30000000000000004 0.2
    endloop
  endfacet
  facet normal -0.0 0.0 1.0
    outer loop
      vertex 0.8700000000000001 0.6000000000000001 0.2
      vertex 0.9300000000000002 0.30000000000000004 0.2
      vertex 0.9300000000000002 0.6000000000000001 0.2
    endloop
  endfacet
  facet normal 0.0 0.0 -1.0
    outer loop
      vertex 0.8700000000000001 0.6000000000000001 -0.2
      vertex 0.9300000000000002 0.6000000000000001 -0.2
      vertex 0.9300000000000002 0.30000000000000004 -0.2
    endloop
  endfacet
  facet normal 0.0 0.0 -1.0
    outer loop
      vertex 0.8700000000000001 0.6000000000000001 -0.2
      vertex 0.9300000000000002 0.30000000000000004 -0.2
      vertex 0.8700000000000001 0.30000000000000004 -0.2
    endloop
  endfacet
  facet normal -0.0 1.0 0.0
    outer loop
      vertex 0.8700000000000001 0.6000000000000001 0.2
      vertex 0.9300000000000002 0.6000000000000001 0.2
      vertex 0.9300000000000002 0.6000000000000001 -0.2
    endloop
  endfacet
  facet normal 0.0 1.0 0.0
    outer loop
      vertex 0.8700000000000001 0.6000000000000001 0.2
      vertex 0.9300000000000002 0.6000000000000001 -0.2
      vertex 0.8700000000000001 0.6000000000000001 -0.2
    endloop
  endfacet
  facet normal 0.0 -1.0 0.0
    outer loop
      vertex 0.8700000000000001 0.30000000000000004 0.2
      vertex 0.8700000000000001 0.30000000000000004 -0.2
      vertex 0.9300000000000002 0.30000000000000004 -0.2
    endloop
  endfacet
  facet normal 0.0 -1.0 0.0
    outer loop
      vertex 0.8700000000000001 0.30000000000000004 0.2
      vertex 0.9300000000000002 0.30000000000000004 -0.2
      vertex 0.9300000000000002 0.30000000000000004 0.2
    endloop
  endfacet
  facet normal -1.0 0.0 -0.0
    outer loop
      vertex 0.8700000000000001 0.6000000000000001 0.2
      vertex 0.8700000000000001 0.6000000000000001 -0.2
      vertex 0.8700000000000001 0.30000000000000004 -0.2
    endloop
  endfacet
  facet normal -1.0 -0.0 0.0
    outer loop
      vertex 0.8700000000000001 0.6000000000000001 0.2
      vertex 0.8700000000000001 0.30000000000000004 -0.2
      vertex 0.8700000000000001 0.30000000000000004 0.2
    endloop
  endfacet
  facet normal 1.0 0.0 0.0
    outer loop
      vertex 0.9300000000000002 0.6000000000000001 0.2
      vertex 0.9300000000000002 0.30000000000000004 0.2
      vertex 0.9300000000000002 0.30000000000000004 -0.2
    endloop
  endfacet
  facet normal 1.0 0.0 0.0
    outer loop
      vertex 0.9300000000000002 0.6000000000000001 0.2
      vertex 0.9300000000000002 0.30000000000000004 -0.2
      vertex 0.9300000000000002 0.6000000000000001 -0.2
    endloop
  endfacet
  facet normal 0.0 0.0 1.0
    outer loop
      vertex -0.5999999999999999 0.9300000000000002 0.2
      vertex -0.8999999999999999 0.9300000000000002 0.2
      vertex -0.8999999999999999 0.8700000000000001 0.2
    endloop
  endfacet
  facet normal 0.0 0.0 1.0
    outer loop
      vertex -0.5999999999999999 0.9300000000000002 0.2
      vertex -0.8999999999999999 0.8700000000000001 0.2
      vertex -0.5999999999999999 0.8700000000000001 0.2
    endloop
  endfacet
  facet normal 0.0 -0.0 -1.0
    outer loop
      vertex -0.5999999999999999 0.9300000000000002 -0.2
      vertex -0.5999999999999999 0.8700000000000001 -0.2
      vertex -0.8999999999999999 0.8700000000000001 -0.2
    endloop
  endfacet
  facet normal -0.0 0.0 -1.0
    outer loop
      vertex -0.5999999999999999 0.9300000000000002 -0.2
      vertex -0.8999999999999999 0.8700000000000001 -0.2
      vertex -0.8999999999999999 0.9300000000000002 -0.2
    endloop
  endfacet
  facet normal 1.0 0.0 0.0
    outer loop
      vertex -0.5999999999999999 0.9300000000000002 0.2
      vertex -0.5999999999999999 0.8700000000000001 0.2
      vertex -0.5999999999999999 0.8700000000000001 -0.2
    endloop
  endfacet
  facet normal 1.0 0.0 0.0
    outer loop
      vertex -0.5999999999999999 0.9300000000000002 0.2
      vertex -0.5999999999999999 0.8700000000000001 -0.2
      vertex -0.5999999999999999 0.9300000000000002 -0.2
    endloop
  endfacet
  facet normal -1.0 0.0 -0.0
    outer loop
      vertex -0.8999999999999999 0.9300000000000002 0.2
      vertex -0.8999999999999999 0.9300000000000002 -0.2
      vertex -0.8999999999999999 0.8700000000000001 -0.2
    endloop
  endfacet
  facet normal -1.0 -0.0 0.0
    outer loop
      vertex -0.8999999999999999 0.9300000000000002 0.2
      vertex -0.8999999999999999 0.8700000000000001 -0.2
      vertex -0.8999999999999999 0.8700000000000001 0.2
    endloop
  endfacet
  facet normal 0.0 1.0 0.0
    outer loop
      vertex -0.5999999999999999 0.9300000000000002 0.2
      vertex -0.5999999999999999 0.9300000000000002 -0.2
      vertex -0.8999999999999999 0.9300000000000002 -0.2
    endloop
  endfacet
  facet normal 0.0 1.0 0.0
    outer loop
      vertex -0.5999999999999999 0.9300000000000002 0.2
      vertex -0.8999999999999999 0.9300000000000002 -0.2
      vertex -0.8999999999999999 0.9300000000000002 0.2
    endloop
  endfacet
  facet normal -0.0 -1.0 0.0
    outer loop
      vertex -0.5999999999999999 0.8700000000000001 0.2
      vertex -0.8999999999999999 0.8700000000000001 0.2
      vertex -0.8999999999999999 0.8700000000000001 -0.2
    endloop
  endfacet
  facet normal 0.0 -1.0 -0.0
    outer loop
      vertex -0.5999999999999999 0.8700000000000001 0.2
      vertex -0.8999999999999999 0.8700000000000001 -0.2
      vertex -0.5999999999999999 0.8700000000000001 -0.2
    endloop
  endfacet
  facet normal 0.0 0.0 1.0
    outer loop
      vertex -0.9299999999999999 0.9000000000000001 0.2
      vertex -0.9299999999999999 0.6000000000000001 0.2
      vertex -0.8699999999999999 0.6000000000000001 0.2
    endloop
  endfacet
  facet normal -0.0 0.0 1.0
    outer loop
      vertex -0.9299999999999999 0.9000000000000001 0.2
      vertex -0.8699999999999999 0.6000000000000001 0.2
      vertex -0.8699999999999999 0.9000000000000001 0.2
    endloop
  endfacet
  facet normal 0.0 0.0 -1.0
    outer loop
      vertex -0.9299999999999999 0.9000000000000001 -0.2
      vertex -0.8699999999999999 0.9000000000000001 -0.2
      vertex -0.8699999999999999 0.6000000000000001 -0.2
    endloop
  endfacet
  facet normal 0.0 0.0 -1.0
    outer loop
      vertex -0.9299999999999999 0.9000000000000001 -0.2
      vertex -0.8699999999999999 0.6000000000000001 -0.2
      vertex -0.9299999999999999 0.6000000000000001 -0.2
    endloop
  endfacet
  facet normal -0.0 1.0 0.0
    outer loop
      vertex -0.9299999999999999 0.9000000000000001 0.2
      vertex -0.8699999999999999 0.9000000000000001 0.2
      vertex -0.8699999999999999 0.9000000000000001 -0.2
    endloop
  endfacet
  facet normal 0.0 1.0 0.0
    outer loop
      vertex -0.9299999999999999 0.9000000000000001 0.2
      vertex -0.8699999999999999 0.9000000000000001 -0.2
      vertex -0.9299999999999999 0.9000000000000001 -0.2
    endloop
  endfacet
  facet normal 0.0 -1.0 0.0
    outer loop
      vertex -0.9299999999999999 0.6000000000000001 0.2
      vertex -0.9299999999999999 0.6000000000000001 -0.2
      vertex -0.8699999999999999 0.6000000000000001 -0.2
    endloop
  endfacet
  facet normal 0.0 -1.0 0.0
    outer loop
      vertex -0.9299999999999999 0.6000000000000001 0.2
      vertex -0.8699999999999999 0.6000000000000001 -0.2
      vertex -0.8699999999999999 0.6000000000000001 0.2
    endloop
  endfacet
  facet normal -1.0 0.0 -0.0
    outer loop
      vertex -0.9299999999999999 0.9000000000000001 0.2
      vertex -0.9299999999999999 0.9000000000000001 -0.2
      vertex -0.9299999999999999 0.6000000000000001 -0.2
    endloop
  endfacet
  facet normal -1.0 -0.0 0.0
    outer loop
      vertex -0.9299999999999999 0.9000000000000001 0.2
      vertex -0.9299999999999999 0.6000000000000001 -0.2
      vertex -0.9299999999999999 0.6000000000000001 0.2
    endloop
  endfacet
  facet normal 1.0 0.0 0.0
    outer loop
      vertex -0.8699999999999999 0.9000000000000001 0.2
      vertex -0.8699999999999999 0.6000000000000001 0.2
      vertex -0.8699999999999999 0.6000000000000001 -0.2
    endloop
  endfacet
  facet normal 1.0 0.0 0.0
    outer loop
      vertex -0.8699999999999999 0.9000000000000001 0.2
      vertex -0.8699999999999999 0.6000000000000001 -0.2
      vertex -0.8699999999999999 0.9000000000000001 -0.2
    endloop
  endfacet
  facet normal 0.0 0.0 1.0
    outer loop
      vertex -0.2999999999999998 0.9300000000000002 0.2
      vertex -0.5999999999999999 0.9300000000000002 0.2
      vertex -0.5999999999999999 0.8700000000000001 0.2
    endloop
  endfacet
  facet normal 0.0 0.0 1.0
    outer loop
      vertex -0.2999999999999998 0.9300000000000002 0.2
      vertex -0.5999999999999999 0.8700000000000001 0.2
      vertex -0.2999999999999998 0.8700000000000001 0.2
    endloop
  endfacet
  facet normal 0.0 -0.0 -1.0
    outer loop
      vertex -0.2999999999999998 0.9300000000000002 -0.2
      vertex -0.2999999999999998 0.8700000000000001 -0.2
      vertex -0.5999999999999999 0.8700000000000001 -0.2
    endloop
  endfacet
  facet normal -0.0 0.0 -1.0
    outer loop
      vertex -0.2999999999999998 0.9300000000000002 -0.2
      vertex -0.5999999999999999 0.8700000000000001 -0.2
      vertex -0.5999999999999999 0.9300000000000002 -0.2
    endloop
  endfacet
  facet normal 1.0 0.0 0.0
    outer loop
      vertex -0.2999999999999998 0.9300000000000002 0.2
      vertex -0.2999999999999998 0.8700000000000001 0.2
      vertex -0.2999999999999998 0.8700000000000001 -0.2
    endloop
  endfacet
  facet normal 1.0 0.0 0.0
    outer loop
      vertex -0.2999999999999998 0.9300000000000002 0.2
      vertex -0.2999999999999998 0.8700000000000001 -0.2
      vertex -0.2999999999999998 0.9300000000000002 -0.2
    endloop
  endfacet
  facet normal -1.0 0.0 -0.0
    outer loop
      vertex -0.5999999999999999 0.9300000000000002 0.2
      vertex -0.5999999999999999 0.9300000000000002 -0.2
      vertex -0.5999999999999999 0.8700000000000001 -0.2
    endloop
  endfacet
  facet normal -1.0 -0.0 0.0
    outer loop
      vertex -0.5999999999999999 0.9300000000000002 0.2
      vertex -0.5999999999999999 0.8700000000000001 -0.2
      vertex -0.5999999999999999 0.8700000000000001 0.2
    endloop
  endfacet
  facet normal 0.0 1.0 0.0
    outer loop
      vertex -0.2999999999999998 0.9300000000000002 0.2
      vertex -0.2999999999999998 0.9300000000000002 -0.2
      vertex -0.5999999999999999 0.9300000000000002 -0.2
    endloop
  endfacet
  facet normal 0.0 1.0 0.0
    outer loop
      vertex -0.2999999999999998 0.9300000000000002 0.2
      vertex -0.5999999999999999 0.9300000000000002 -0.2
      vertex -0.5999999999999999 0.9300000000000002 0.2
    endloop
  endfacet
  facet normal -0.0 -1.0 0.0
    outer loop
      vertex -0.2999999999999998 0.8700000000000001 0.2
      vertex -0.5999999999999999 0.8700000000000001 0.2
      vertex -0.5999999999999999 0.8700000000000001 -0.2
    endloop
  endfacet
  facet normal 0.0 -1.0 -0.0
    outer loop
      vertex -0.2999999999999998 0.8700000000000001 0.2
      vertex -0.5999999999999999 0.8700000000000001 -0.2
      vertex -0.2999999999999998 0.8700000000000001 -0.2
    endloop
  endfacet
  facet normal 0.0 0.0 1.0
    outer loop
      vertex 5.551115123125783e-17 0.6300000000000001 0.2
      vertex -0.29999999999999993 0.6300000000000001 0.2
      vertex -0.29999999999999993 0.5700000000000001 0.2
    endloop
  endfacet
  facet normal 0.0 0.0 1.0
    outer loop
      vertex 5.551115123125783e-17 0.6300000000000001 0.2
      vertex -0.29999999999999993 0.5700000000000001 0.2
      vertex 5.551115123125783e-17 0.5700000000000001 0.2
    endloop
  endfacet
  facet normal 0.0 -0.0 -1.0
    outer loop
      vertex 5.551115123125783e-17 0.6300000000000001 -0.2
      vertex 5.551115123125783e-17 0.5700000000000001 -0.2
      vertex -0.29999999999999993 0.5700000000000001 -0.2
    endloop
  endfacet
  facet normal -0.0 0.0 -1.0
    outer loop
      vertex 5.551115123125783e-17 0.6300000000000001 -0.2
      vertex -0.29999999999999993 0.5700000000000001 -0.2
      vertex -0.29999999999999993 0.6300000000000001 -0.2
    endloop
  endfacet
  facet normal 1.0 0.0 0.0
    outer loop
      vertex 5.551115123125783e-17 0.6300000000000001 0.2
      vertex 5.551115123125783e-17 0.5700000000000001 0.2
      vertex 5.551115123125783e-17 0.5700000000000001 -0.2
    endloop
  endfacet
  facet normal 1.0 0.0 0.0
    outer loop
      vertex 5.551115123125783e-17 0.6300000000000001 0.2
      vertex 5.551115123125783e-17 0.5700000000000001 -0.2
      vertex 5.551115123125783e-17 0.6300000000000001 -0.2
    endloop
  endfacet
  facet normal -1.0 0.0 -0.0
    outer loop
      vertex -0.29999999999999993 0.6300000000000001 0.2
      vertex -0.29999999999999993 0.6300000000000001 -0.2
      vertex -0.29999999999999993 0.5700000000000001 -0.2
    endloop
  endfacet
  facet normal -1.0 -0.0 0.0
    outer loop
      vertex -0.29999999999999993 0.6300000000000001 0.2
      vertex -0.29999999999999993 0.5700000000000001 -0.2
      vertex -0.29999999999999993 0.5700000000000001 0.2
    endloop
  endfacet
  facet normal 0.0 1.0 0.0
    outer loop
      vertex 5.551115123125783e-17 0.6300000000000001 0.2
      vertex 5.551115123125783e-17 0.6300000000000001 -0.2
      vertex -0.29999999999999993 0.6300000000000001 -0.2
    endloop
  endfacet
  facet normal 0.0 1.0 0.0
    outer loop
      vertex 5.551115123125783e-17 0.6300000000000001 0.2
      vertex -0.29999999999999993 0.6300000000000001 -0.2
      vertex -0.29999999999999993 0.6300000000000001 0.2
    endloop
  endfacet
  facet normal -0.0 -1.0 0.0
    outer loop
      vertex 5.551115123125783e-17 0.5700000000000001 0.2
      vertex -0.29999999999999993 0.5700000000000001 0.2
      vertex -0.29999999999999993 0.5700000000000001 -0.2
    endloop
  endfacet
  facet normal 0.0 -1.0 -0.0
    outer loop
      vertex 5.551115123125783e-17 0.5700000000000001 0.2
      vertex -0.29999999999999993 0.5700000000000001 -0.2
      vertex 5.551115123125783e-17 0.5700000000000001 -0.2
    endloop
  endfacet
  facet normal 0.0 0.0 1.0
    outer loop
      vertex 5.551115123125783e-17 0.9300000000000002 0.2
      vertex -0.29999999999999993 0.9300000000000002 0.2
      vertex -0.29999999999999993 0.8700000000000001 0.2
    endloop
  endfacet
  facet normal 0.0 0.0 1.0
    outer loop
      vertex 5.551115123125783e-17 0.9300000000000002 0.2
      vertex -0.29999999999999993 0.8700000000000001 0.2
      vertex 5.551115123125783e-17 0.8700000000000001 0.2
    endloop
  endfacet
  facet normal 0.0 -0.0 -1.0
    outer loop
      vertex 5.551115123125783e-17 0.9300000000000002 -0.2
      vertex 5.551115123125783e-17 0.8700000000000001 -0.2
      vertex -0.29999999999999993 0.8700000000000001 -0.2
    endloop
  endfacet
  facet normal -0.0 0.0 -1.0
    outer loop
      vertex 5.551115123125783e-17 0.9300000000000002 -0.2
      vertex -0.29999999999999993 0.8700000000000001 -0.2
      vertex -0.29999999999999993 0.9300000000000002 -0.2
    endloop
  endfacet
  facet normal 1.0 0.0 0.0
    outer loop
      vertex 5.551115123125783e-17 0.9300000000000002 0.2
      vertex 5.551115123125783e-17 0.8700000000000001 0.2
      vertex 5.551115123125783e-17 0.8700000000000001 -0.2
    endloop
  endfacet
  facet normal 1.0 0.0 0.0
    outer loop
      vertex 5.551115123125783e-17 0.9300000000000002 0.2
      vertex 5.551115123125783e-17 0.8700000000000001 -0.2
      vertex 5.551115123125783e-17 0.9300000000000002 -0.2
    endloop
  endfacet
  facet normal -1.0 0.0 -0.0
    outer loop
      vertex -0.29999999999999993 0.9300000000000002 0.2
      vertex -0.29999999999999993 0.9300000000000002 -0.2
      vertex -0.29999999999999993 0.8700000000000001 -0.2
    endloop
  endfacet
  facet normal -1.0 -0.0 0.0
    outer loop
      vertex -0.29999999999999993 0.9300000000000002 0.2
      vertex -0.29999999999999993 0.8700000000000001 -0.2
      vertex -0.29999999999999993 0.8700000000000001 0.2
    endloop
  endfacet
  facet normal 0.0 1.0 0.0
    outer loop
      vertex 5.551115123125783e-17 0.9300000000000002 0.2
      vertex 5.551115123125783e-17 0.9300000000000002 -0.2
      vertex -0.29999999999999993 0.9300000000000002 -0.2
    endloop
  endfacet
  facet normal 0.0 1.0 0.0
    outer loop
      vertex 5.551115123125783e-17 0.9300000000000002 0.2
      vertex -0.29999999999999993 0.9300000000000002 -0.2
      vertex -0.29999999999999993 0.9300000000000002 0.2
    endloop
  endfacet
  facet normal -0.0 -1.0 0.0
    outer loop
      vertex 5.551115123125783e-17 0.8700000000000001 0.2
      vertex -0.29999999999999993 0.8700000000000001 0.2
      vertex -0.29999999999999993 0.8700000000000001 -0.2
    endloop
  endfacet
  facet normal 0.0 -1.0 -0.0
    outer loop
      vertex 5.551115123125783e-17 0.8700000000000001 0.2
      vertex -0.29999999999999993 0.8700000000000001 -0.2
      vertex 5.551115123125783e-17 0.8700000000000001 -0.2
    endloop
  endfacet
  facet normal 0.0 0.0 1.0
    outer loop
      vertex 0.3 0.6300000000000001 0.2
      vertex 0.0 0.6300000000000001 0.2
      vertex 0.0 0.5700000000000001 0.2
    endloop
  endfacet
  facet normal 0.0 0.0 1.0
    outer loop
      vertex 0.3 0.6300000000000001 0.2
      vertex 0.0 0.5700000000000001 0.2
      vertex 0.3 0.5700000000000001 0.2
    endloop
  endfacet
  facet normal 0.0 -0.0 -1.0
    outer loop
      vertex 0.3 0.6300000000000001 -0.2
      vertex 0.3 0.5700000000000001 -0.2
      vertex 0.0 0.5700000000000001 -0.2
    endloop
  endfacet
  facet normal -0.0 0.0 -1.0
    outer loop
      vertex 0.3 0.6300000000000001 -0.2
      vertex 0.0 0.5700000000000001 -0.2
      vertex 0.0 0.6300000000000001 -0.2
    endloop
  endfacet
  facet normal 1.0 0.0 0.0
    outer loop
      vertex 0.3 0.6300000000000001 0.2
      vertex 0.3 0.5700000000000001 0.2
      vertex 0.3 0.5700000000000001 -0.2
    endloop
  endfacet
  facet normal 1.0 0.0 0.0
    outer loop
      vertex 0.3 0.6300000000000001 0.2
      vertex 0.3 0.5700000000000001 -0.2
      vertex 0.3 0.6300000000000001 -0.2
    endloop
  endfacet
  facet normal -1.0 0.0 -0.0
    outer loop
      vertex 0.0 0.6300000000000001 0.2
      vertex 0.0 0.6300000000000001 -0.2
      vertex 0.0 0.5700000000000001 -0.2
    endloop
  endfacet
  facet normal -1.0 -0.0 0.0
    outer loop
      vertex 0.0 0.6300000000000001 0.2
      vertex 0.0 0.5700000000000001 -0.2
      vertex 0.0 0.5700000000000001 0.2
    endloop
  endfacet
  facet normal 0.0 1.0 0.0
    outer loop
      vertex 0.3 0.6300000000000001 0.2
      vertex 0.3 0.6300000000000001 -0.2
      vertex 0.0 0.6300000000000001 -0.2
    endloop
  endfacet
  facet normal 0.0 1.0 0.0
    outer loop
      vertex 0.3 0.6300000000000001 0.2
      vertex 0.0 0.6300000000000001 -0.2
      vertex 0.0 0.6300000000000001 0.2
    endloop
  endfacet
  facet normal -0.0 -1.0 0.0
    outer loop
      vertex 0.3 0.5700000000000001 0.2
      vertex 0.0 0.5700000000000001 0.2
      vertex 0.0 0.5700000000000001 -0.2
    endloop
  endfacet
  facet normal 0.0 -1.0 -0.0
    outer loop
      vertex 0.3 0.5700000000000001 0.2
      vertex 0.0 0.5700000000000001 -0.2
      vertex 0.3 0.5700000000000001 -0.2
    endloop
  endfacet
  facet normal 0.0 0.0 1.0
    outer loop
      vertex 0.3 0.9300000000000002 0.2
      vertex 0.0 0.9300000000000002 0.2
      vertex 0.0 0.8700000000000001 0.2
    endloop
  endfacet
  facet normal 0.0 0.0 1.0
    outer loop
      vertex 0.3 0.9300000000000002 0.2
      vertex 0.0 0.8700000000000001 0.2
      vertex 0.3 0.8700000000000001 0.2
    endloop
  endfacet
  facet normal 0.0 -0.0 -1.0
    outer loop
      vertex 0.3 0.9300000000000002 -0.2
      vertex 0.3 0.8700000000000001 -0.2
      vertex 0.0 0.8700000000000001 -0.2
    endloop
  endfacet
  facet normal -0.0 0.0 -1.0
    outer loop
      vertex 0.3 0.9300000000000002 -0.2
      vertex 0.0 0.8700000000000001 -0.2
      vertex 0.0 0.9300000000000002 -0.2
    endloop
  endfacet
  facet normal 1.0 0.0 0.0
    outer loop
      vertex 0.3 0.9300000000000002 0.2
      vertex 0.3 0.8700000000000001 0.2
      vertex 0.3 0.8700000000000001 -0.2
    endloop
  endfacet
  facet normal 1.0 0.0 0.0
    outer loop
      vertex 0.3 0.9300000000000002 0.2
      vertex 0.3 0.8700000000000001 -0.2
      vertex 0.3 0.9300000000000002 -0.2
    endloop
  endfacet
  facet normal -1.0 0.0 -0.0
    outer loop
      vertex 0.0 0.9300000000000002 0.2
      vertex 0.0 0.9300000000000002 -0.2
      vertex 0.0 0.8700000000000001 -0.2
    endloop
  endfacet
  facet normal -1.0 -0.0 0.0
    outer loop
      vertex 0.0 0.9300000000000002 0.2
      vertex 0.0 0.8700000000000001 -0.2
      vertex 0.0 0.8700000000000001 0.2
    endloop
  endfacet
  facet normal 0.0 1.0 0.0
    outer loop
      vertex 0.3 0.9300000000000002 0.2
      vertex 0.3 0.9300000000000002 -0.2
      vertex 0.0 0.9300000000000002 -0.2
    endloop
  endfacet
  facet normal 0.0 1.0 0.0
    outer loop
      vertex 0.3 0.9300000000000002 0.2
      vertex 0.0 0.9300000000000002 -0.2
      vertex 0.0 0.9300000000000002 0.2
    endloop
  endfacet
  facet normal -0.0 -1.0 0.0
    outer loop
      vertex 0.3 0.8700000000000001 0.2
      vertex 0.0 0.8700000000000001 0.2
      vertex 0.0 0.8700000000000001 -0.2
    endloop
  endfacet
  facet normal 0.0 -1.0 -0.0
    outer loop
      vertex 0.3 0.8700000000000001 0.2
      vertex 0.0 0.8700000000000001 -0.2
      vertex 0.3 0.8700000000000001 -0.2
    endloop
  endfacet
  facet normal 0.0 0.0 1.0
    outer loop
      vertex 0.6000000000000001 0.9300000000000002 0.2
      vertex 0.30000000000000004 0.9300000000000002 0.2
      vertex 0.30000000000000004 0.8700000000000001 0.2
    endloop
  endfacet
  facet normal 0.0 0.0 1.0
    outer loop
      vertex 0.6000000000000001 0.9300000000000002 0.2
      vertex 0.30000000000000004 0.8700000000000001 0.2
      vertex 0.6000000000000001 0.8700000000000001 0.2
    endloop
  endfacet
  facet normal 0.0 -0.0 -1.0
    outer loop
      vertex 0.6000000000000001 0.9300000000000002 -0.2
      vertex 0.6000000000000001 0.8700000000000001 -0.2
      vertex 0.30000000000000004 0.8700000000000001 -0.2
    endloop
  endfacet
  facet normal -0.0 0.0 -1.0
    outer loop
      vertex 0.6000000000000001 0.9300000000000002 -0.2
      vertex 0.30000000000000004 0.8700000000000001 -0.2
      vertex 0.30000000000000004 0.9300000000000002 -0.2
    endloop
  endfacet
  facet normal 1.0 0.0 0.0
    outer loop
      vertex 0.6000000000000001 0.9300000000000002 0.2
      vertex 0.6000000000000001 0.8700000000000001 0.2
      vertex 0.6000000000000001 0.8700000000000001 -0.2
    endloop
  endfacet
  facet normal 1.0 0.0 0.0
    outer loop
      vertex 0.6000000000000001 0.9300000000000002 0.2
      vertex 0.6000000000000001 0.8700000000000001 -0.2
      vertex 0.6000000000000001 0.9300000000000002 -0.2
    endloop
  endfacet
  facet normal -1.0 0.0 -0.0
    outer loop
      vertex 0.30000000000000004 0.9300000000000002 0.2
      vertex 0.30000000000000004 0.9300000000000002 -0.2
      vertex 0.30000000000000004 0.8700000000000001 -0.2
    endloop
  endfacet
  facet normal -1.0 -0.0 0.0
    outer loop
      vertex 0.30000000000000004 0.9300000000000002 0.2
      vertex 0.30000000000000004 0.8700000000000001 -0.2
      vertex 0.30000000000000004 0.8700000000000001 0.2
    endloop
  endfacet
  facet normal 0.0 1.0 0.0
    outer loop
      vertex 0.6000000000000001 0.9300000000000002 0.2
      vertex 0.6000000000000001 0.9300000000000002 -0.2
      vertex 0.30000000000000004 0.9300000000000002 -0.2
    endloop
  endfacet
  facet normal 0.0 1.0 0.0
    outer loop
      vertex 0.6000000000000001 0.9300000000000002 0.2
      vertex 0.30000000000000004 0.9300000000000002 -0.2
      vertex 0.30000000000000004 0.9300000000000002 0.2
    endloop
  endfacet
  facet normal -0.0 -1.0 0.0
    outer loop
      vertex 0.6000000000000001 0.8700000000000001 0.2
      vertex 0.30000000000000004 0.8700000000000001 0.2
      vertex 0.30000000000000004 0.8700000000000001 -0.2
    endloop
  endfacet
  facet normal 0.0 -1.0 -0.0
    outer loop
      vertex 0.6000000000000001 0.8700000000000001 0.2
      vertex 0.30000000000000004 0.8700000000000001 -0.2
      vertex 0.6000000000000001 0.8700000000000001 -0.2
    endloop
  endfacet
  facet normal 0.0 0.0 1.0
    outer loop
      vertex 0.5700000000000001 0.9000000000000001 0.2
      vertex 0.5700000000000001 0.6000000000000001 0.2
      vertex 0.6300000000000001 0.6000000000000001 0.2
    endloop
  endfacet
  facet normal -0.0 0.0 1.0
    outer loop
      vertex 0.5700000000000001 0.9000000000000001 0.2
      vertex 0.6300000000000001 0.6000000000000001 0.2
      vertex 0.6300000000000001 0.9000000000000001 0.2
    endloop
  endfacet
  facet normal 0.0 0.0 -1.0
    outer loop
      vertex 0.5700000000000001 0.9000000000000001 -0.2
      vertex 0.6300000000000001 0.9000000000000001 -0.2
      vertex 0.6300000000000001 0.6000000000000001 -0.2
    endloop
  endfacet
  facet normal 0.0 0.0 -1.0
    outer loop
      vertex 0.5700000000000001 0.9000000000000001 -0.2
      vertex 0.6300000000000001 0.6000000000000001 -0.2
      vertex 0.5700000000000001 0.6000000000000001 -0.2
    endloop
  endfacet
  facet normal -0.0 1.0 0.0
    outer loop
      vertex 0.5700000000000001 0.9000000000000001 0.2
      vertex 0.6300000000000001 0.9000000000000001 0.2
      vertex 0.6300000000000001 0.9000000000000001 -0.2
    endloop
  endfacet
  facet normal 0.0 1.0 0.0
    outer loop
      vertex 0.5700000000000001 0.9000000000000001 0.2
      vertex 0.6300000000000001 0.9000000000000001 -0.2
      vertex 0.5700000000000001 0.9000000000000001 -0.2
    endloop
  endfacet
  facet normal 0.0 -1.0 0.0
    outer loop
      vertex 0.5700000000000001 0.6000000000000001 0.2
      vertex 0.5700000000000001 0.6000000000000001 -0.2
      vertex 0.6300000000000001 0.6000000000000001 -0.2
    endloop
  endfacet
  facet normal 0.0 -1.0 0.0
    outer loop
      vertex 0.5700000000000001 0.6000000000000001 0.2
      vertex 0.6300000000000001 0.6000000000000001 -0.2
      vertex 0.6300000000000001 0.6000000000000001 0.2
    endloop
  endfacet
  facet normal -1.0 0.0 -0.0
    outer loop
      vertex 0.5700000000000001 0.9000000000000001 0.2
      vertex 0.5700000000000001 0.9000000000000001 -0.2
      vertex 0.5700000000000001 0.6000000000000001 -0.2
    endloop
  endfacet
  facet normal -1.0 -0.0 0.0
    outer loop
      vertex 0.5700000000000001 0.9000000000000001 0.2
      vertex 0.5700000000000001 0.6000000000000001 -0.2
      vertex 0.5700000000000001 0.6000000000000001 0.2
    endloop
  endfacet
  facet normal 1.0 0.0 0.0
    outer loop
      vertex 0.6300000000000001 0.9000000000000001 0.2
      vertex 0.6300000000000001 0.6000000000000001 0.2
      vertex 0.6300000000000001 0.6000000000000001 -0.2
    endloop
  endfacet
  facet normal 1.0 0.0 0.0
    outer loop
      vertex 0.6300000000000001 0.9000000000000001 0.2
      vertex 0.6300000000000001 0.6000000000000001 -0.2
      vertex 0.6300000000000001 0.9000000000000001 -0.2
    endloop
  endfacet
  facet normal 0.0 0.0 1.0
    outer loop
      vertex 0.9000000000000001 0.9300000000000002 0.2
      vertex 0.6000000000000001 0.9300000000000002 0.2
      vertex 0.6000000000000001 0.8700000000000001 0.2
    endloop
  endfacet
  facet normal 0.0 0.0 1.0
    outer loop
      vertex 0.9000000000000001 0.9300000000000002 0.2
      vertex 0.6000000000000001 0.8700000000000001 0.2
      vertex 0.9000000000000001 0.8700000000000001 0.2
    endloop
  endfacet
  facet normal 0.0 -0.0 -1.0
    outer loop
      vertex 0.9000000000000001 0.9300000000000002 -0.2
      vertex 0.9000000000000001 0.8700000000000001 -0.2
      vertex 0.6000000000000001 0.8700000000000001 -0.2
    endloop
  endfacet
  facet normal -0.0 0.0 -1.0
    outer loop
      vertex 0.9000000000000001 0.9300000000000002 -0.2
      vertex 0.6000000000000001 0.8700000000000001 -0.2
      vertex 0.6000000000000001 0.9300000000000002 -0.2
    endloop
  endfacet
  facet normal 1.0 0.0 0.0
    outer loop
      vertex 0.9000000000000001 0.9300000000000002 0.2
      vertex 0.9000000000000001 0.8700000000000001 0.2
      vertex 0.9000000000000001 0.8700000000000001 -0.2
    endloop
  endfacet
  facet normal 1.0 0.0 0.0
    outer loop
      vertex 0.9000000000000001 0.9300000000000002 0.2
      vertex 0.9000000000000001 0.8700000000000001 -0.2
      vertex 0.9000000000000001 0.9300000000000002 -0.2
    endloop
  endfacet
  facet normal -1.0 0.0 -0.0
    outer loop
      vertex 0.6000000000000001 0.9300000000000002 0.2
      vertex 0.6000000000000001 0.9300000000000002 -0.2
      vertex 0.6000000000000001 0.8700000000000001 -0.2
    endloop
  endfacet
  facet normal -1.0 -0.0 0.0
    outer loop
      vertex 0.6000000000000001 0.9300000000000002 0.2
      vertex 0.6000000000000001 0.8700000000000001 -0.2
      vertex 0.6000000000000001 0.8700000000000001 0.2
    endloop
  endfacet
  facet normal 0.0 1.0 0.0
    outer loop
      vertex 0.9000000000000001 0.9300000000000002 0.2
      vertex 0.9000000000000001 0.9300000000000002 -0.2
      vertex 0.6000000000000001 0.9300000000000002 -0.2
    endloop
  endfacet
  facet normal 0.0 1.0 0.0
    outer loop
      vertex 0.9000000000000001 0.9300000000000002 0.2
      vertex 0.6000000000000001 0.9300000000000002 -0.2
      vertex 0.6000000000000001 0.9300000000000002 0.2
    endloop
  endfacet
  facet normal -0.0 -1.0 0.0
    outer loop
      vertex 0.9000000000000001 0.8700000000000001 0.2
      vertex 0.6000000000000001 0.8700000000000001 0.2
      vertex 0.6000000000000001 0.8700000000000001 -0.2
    endloop
  endfacet
  facet normal 0.0 -1.0 -0.0
    outer loop
      vertex 0.9000000000000001 0.8700000000000001 0.2
      vertex 0.6000000000000001 0.8700000000000001 -0.2
      vertex 0.9000000000000001 0.8700000000000001 -0.2
    endloop
  endfacet
  facet normal 0.0 0.0 1.0
    outer loop
      vertex 0.8700000000000001 0.9000000000000001 0.2
      vertex 0.8700000000000001 0.6000000000000001 0.2
      vertex 0.9300000000000002 0.6000000000000001 0.2
    endloop
  endfacet
  facet normal -0.0 0.0 1.0
    outer loop
      vertex 0.8700000000000001 0.9000000000000001 0.2
      vertex 0.9300000000000002 0.6000000000000001 0.2
      vertex 0.9300000000000002 0.9000000000000001 0.2
    endloop
  endfacet
  facet normal 0.0 0.0 -1.0
    outer loop
      vertex 0.8700000000000001 0.9000000000000001 -0.2
      vertex 0.9300000000000002 0.9000000000000001 -0.2
      vertex 0.9300000000000002 0.6000000000000001 -0.2
    endloop
  endfacet
  facet normal 0.0 0.0 -1.0
    outer loop
      vertex 0.8700000000000001 0.9000000000000001 -0.2
      vertex 0.9300000000000002 0.6000000000000001 -0.2
      vertex 0.8700000000000001 0.6000000000000001 -0.2
    endloop
  endfacet
  facet normal -0.0 1.0 0.0
    outer loop
      vertex 0.8700000000000001 0.9000000000000001 0.2
      vertex 0.9300000000000002 0.9000000000000001 0.2
      vertex 0.9300000000000002 0.9000000000000001 -0.2
    endloop
  endfacet
  facet normal 0.0 1.0 0.0
    outer loop
      vertex 0.8700000000000001 0.9000000000000001 0.2
      vertex 0.9300000000000002 0.9000000000000001 -0.2
      vertex 0.8700000000000001 0.9000000000000001 -0.2
    endloop
  endfacet
  facet normal 0.0 -1.0 0.0
    outer loop
      vertex 0.8700000000000001 0.6000000000000001 0.2
      vertex 0.8700000000000001 0.6000000000000001 -0.2
      vertex 0.9300000000000002 0.6000000000000001 -0.2
    endloop
  endfacet
  facet normal 0.0 -1.0 0.0
    outer loop
      vertex 0.8700000000000001 0.6000000000000001 0.2
      vertex 0.9300000000000002 0.6000000000000001 -0.2
      vertex 0.9300000000000002 0.6000000000000001 0.2
    endloop
  endfacet
  facet normal -1.0 0.0 -0.0
    outer loop
      vertex 0.8700000000000001 0.9000000000000001 0.2
      vertex 0.8700000000000001 0.9000000000000001 -0.2
      vertex 0.8700000000000001 0.6000000000000001 -0.2
    endloop
  endfacet
  facet normal -1.0 -0.0 0.0
    outer loop
      vertex 0.8700000000000001 0.9000000000000001 0.2
      vertex 0.8700000000000001 0.6000000000000001 -0.2
      vertex 0.8700000000000001 0.6000000000000001 0.2
    endloop
  endfacet
  facet normal 1.0 0.0 0.0
    outer loop
      vertex 0.9300000000000002 0.9000000000000001 0.2
      vertex 0.9300000000000002 0.6000000000000001 0.2
      vertex 0.9300000000000002 0.6000000000000001 -0.2
    endloop
  endfacet
  facet normal 1.0 0.0 0.0
    outer loop
      vertex 0.9300000000000002 0.9000000000000001 0.2
      vertex 0.9300000000000002 0.6000000000000001 -0.2
      vertex 0.9300000000000002 0.9000000000000001 -0.2
    endloop
  endfacet
endsolid maze_walls
